commit 2177b773c8d460f67582aa7fab1af08647816a79
Author: Michael DeHaan <michael.dehaan@gmail.com>
Date:   Thu Feb 20 19:11:15 2014 -0500

    Rename tests to test, use old directory name.

diff --git a/tests/README.md b/test/README.md
similarity index 100%
rename from tests/README.md
rename to test/README.md
diff --git a/tests/integration/Makefile b/test/integration/Makefile
similarity index 100%
rename from tests/integration/Makefile
rename to test/integration/Makefile
diff --git a/tests/integration/README.md b/test/integration/README.md
similarity index 100%
rename from tests/integration/README.md
rename to test/integration/README.md
diff --git a/tests/integration/all.yml b/test/integration/all.yml
similarity index 100%
rename from tests/integration/all.yml
rename to test/integration/all.yml
diff --git a/tests/integration/amazon.yml b/test/integration/amazon.yml
similarity index 100%
rename from tests/integration/amazon.yml
rename to test/integration/amazon.yml
diff --git a/tests/integration/check_mode.yml b/test/integration/check_mode.yml
similarity index 100%
rename from tests/integration/check_mode.yml
rename to test/integration/check_mode.yml
diff --git a/tests/integration/destructive.yml b/test/integration/destructive.yml
similarity index 100%
rename from tests/integration/destructive.yml
rename to test/integration/destructive.yml
diff --git a/tests/integration/group_vars/all b/test/integration/group_vars/all
similarity index 100%
rename from tests/integration/group_vars/all
rename to test/integration/group_vars/all
diff --git a/tests/integration/group_vars/local b/test/integration/group_vars/local
similarity index 100%
rename from tests/integration/group_vars/local
rename to test/integration/group_vars/local
diff --git a/tests/integration/host_vars/testhost b/test/integration/host_vars/testhost
similarity index 100%
rename from tests/integration/host_vars/testhost
rename to test/integration/host_vars/testhost
diff --git a/tests/integration/integration_config.yml b/test/integration/integration_config.yml
similarity index 100%
rename from tests/integration/integration_config.yml
rename to test/integration/integration_config.yml
diff --git a/tests/integration/inventory b/test/integration/inventory
similarity index 100%
rename from tests/integration/inventory
rename to test/integration/inventory
diff --git a/tests/integration/non_destructive.yml b/test/integration/non_destructive.yml
similarity index 100%
rename from tests/integration/non_destructive.yml
rename to test/integration/non_destructive.yml
diff --git a/tests/integration/rackspace.yml b/test/integration/rackspace.yml
similarity index 100%
rename from tests/integration/rackspace.yml
rename to test/integration/rackspace.yml
diff --git a/tests/integration/roles/prepare_tests/tasks/main.yml b/test/integration/roles/prepare_tests/tasks/main.yml
similarity index 100%
rename from tests/integration/roles/prepare_tests/tasks/main.yml
rename to test/integration/roles/prepare_tests/tasks/main.yml
diff --git a/tests/integration/roles/test_always_run/meta/main.yml b/test/integration/roles/test_always_run/meta/main.yml
similarity index 100%
rename from tests/integration/roles/test_always_run/meta/main.yml
rename to test/integration/roles/test_always_run/meta/main.yml
diff --git a/tests/integration/roles/test_always_run/tasks/main.yml b/test/integration/roles/test_always_run/tasks/main.yml
similarity index 100%
rename from tests/integration/roles/test_always_run/tasks/main.yml
rename to test/integration/roles/test_always_run/tasks/main.yml
diff --git a/tests/integration/roles/test_apt/meta/main.yml b/test/integration/roles/test_apt/meta/main.yml
similarity index 100%
rename from tests/integration/roles/test_apt/meta/main.yml
rename to test/integration/roles/test_apt/meta/main.yml
diff --git a/tests/integration/roles/test_apt/tasks/apt.yml b/test/integration/roles/test_apt/tasks/apt.yml
similarity index 100%
rename from tests/integration/roles/test_apt/tasks/apt.yml
rename to test/integration/roles/test_apt/tasks/apt.yml
diff --git a/tests/integration/roles/test_apt/tasks/main.yml b/test/integration/roles/test_apt/tasks/main.yml
similarity index 100%
rename from tests/integration/roles/test_apt/tasks/main.yml
rename to test/integration/roles/test_apt/tasks/main.yml
diff --git a/tests/integration/roles/test_changed_when/meta/main.yml b/test/integration/roles/test_changed_when/meta/main.yml
similarity index 100%
rename from tests/integration/roles/test_changed_when/meta/main.yml
rename to test/integration/roles/test_changed_when/meta/main.yml
diff --git a/tests/integration/roles/test_changed_when/tasks/main.yml b/test/integration/roles/test_changed_when/tasks/main.yml
similarity index 100%
rename from tests/integration/roles/test_changed_when/tasks/main.yml
rename to test/integration/roles/test_changed_when/tasks/main.yml
diff --git a/tests/integration/roles/test_command_shell/files/test.sh b/test/integration/roles/test_command_shell/files/test.sh
similarity index 100%
rename from tests/integration/roles/test_command_shell/files/test.sh
rename to test/integration/roles/test_command_shell/files/test.sh
diff --git a/tests/integration/roles/test_conditionals/tasks/main.yml b/test/integration/roles/test_conditionals/tasks/main.yml
similarity index 100%
rename from tests/integration/roles/test_conditionals/tasks/main.yml
rename to test/integration/roles/test_conditionals/tasks/main.yml
diff --git a/tests/integration/roles/test_copy/files/foo.txt b/test/integration/roles/test_copy/files/foo.txt
similarity index 100%
rename from tests/integration/roles/test_copy/files/foo.txt
rename to test/integration/roles/test_copy/files/foo.txt
diff --git a/tests/integration/roles/test_copy/files/subdir/bar.txt b/test/integration/roles/test_copy/files/subdir/bar.txt
similarity index 100%
rename from tests/integration/roles/test_copy/files/subdir/bar.txt
rename to test/integration/roles/test_copy/files/subdir/bar.txt
diff --git a/tests/integration/roles/test_copy/files/subdir/subdir2/baz.txt b/test/integration/roles/test_copy/files/subdir/subdir2/baz.txt
similarity index 100%
rename from tests/integration/roles/test_copy/files/subdir/subdir2/baz.txt
rename to test/integration/roles/test_copy/files/subdir/subdir2/baz.txt
diff --git a/tests/integration/roles/test_copy/meta/main.yml b/test/integration/roles/test_copy/meta/main.yml
similarity index 100%
rename from tests/integration/roles/test_copy/meta/main.yml
rename to test/integration/roles/test_copy/meta/main.yml
diff --git a/tests/integration/roles/test_copy/tasks/main.yml b/test/integration/roles/test_copy/tasks/main.yml
similarity index 100%
rename from tests/integration/roles/test_copy/tasks/main.yml
rename to test/integration/roles/test_copy/tasks/main.yml
diff --git a/tests/integration/roles/test_facts_d/meta/main.yml b/test/integration/roles/test_facts_d/meta/main.yml
similarity index 100%
rename from tests/integration/roles/test_facts_d/meta/main.yml
rename to test/integration/roles/test_facts_d/meta/main.yml
diff --git a/tests/integration/roles/test_facts_d/tasks/main.yml b/test/integration/roles/test_facts_d/tasks/main.yml
similarity index 100%
rename from tests/integration/roles/test_facts_d/tasks/main.yml
rename to test/integration/roles/test_facts_d/tasks/main.yml
diff --git a/tests/integration/roles/test_fetch/meta/main.yml b/test/integration/roles/test_fetch/meta/main.yml
similarity index 100%
rename from tests/integration/roles/test_fetch/meta/main.yml
rename to test/integration/roles/test_fetch/meta/main.yml
diff --git a/tests/integration/roles/test_fetch/tasks/main.yml b/test/integration/roles/test_fetch/tasks/main.yml
similarity index 100%
rename from tests/integration/roles/test_fetch/tasks/main.yml
rename to test/integration/roles/test_fetch/tasks/main.yml
diff --git a/tests/integration/roles/test_file/files/foo.txt b/test/integration/roles/test_file/files/foo.txt
similarity index 100%
rename from tests/integration/roles/test_file/files/foo.txt
rename to test/integration/roles/test_file/files/foo.txt
diff --git a/tests/integration/roles/test_file/files/foobar/directory/fileC b/test/integration/roles/test_file/files/foobar/directory/fileC
similarity index 100%
rename from tests/integration/roles/test_file/files/foobar/directory/fileC
rename to test/integration/roles/test_file/files/foobar/directory/fileC
diff --git a/tests/integration/roles/test_file/files/foobar/directory/fileD b/test/integration/roles/test_file/files/foobar/directory/fileD
similarity index 100%
rename from tests/integration/roles/test_file/files/foobar/directory/fileD
rename to test/integration/roles/test_file/files/foobar/directory/fileD
diff --git a/tests/integration/roles/test_file/files/foobar/fileA b/test/integration/roles/test_file/files/foobar/fileA
similarity index 100%
rename from tests/integration/roles/test_file/files/foobar/fileA
rename to test/integration/roles/test_file/files/foobar/fileA
diff --git a/tests/integration/roles/test_file/files/foobar/fileB b/test/integration/roles/test_file/files/foobar/fileB
similarity index 100%
rename from tests/integration/roles/test_file/files/foobar/fileB
rename to test/integration/roles/test_file/files/foobar/fileB
diff --git a/tests/integration/roles/test_file/meta/main.yml b/test/integration/roles/test_file/meta/main.yml
similarity index 100%
rename from tests/integration/roles/test_file/meta/main.yml
rename to test/integration/roles/test_file/meta/main.yml
diff --git a/tests/integration/roles/test_file/tasks/main.yml b/test/integration/roles/test_file/tasks/main.yml
similarity index 100%
rename from tests/integration/roles/test_file/tasks/main.yml
rename to test/integration/roles/test_file/tasks/main.yml
diff --git a/tests/integration/roles/test_file/tasks/selinux_tests.yml b/test/integration/roles/test_file/tasks/selinux_tests.yml
similarity index 100%
rename from tests/integration/roles/test_file/tasks/selinux_tests.yml
rename to test/integration/roles/test_file/tasks/selinux_tests.yml
diff --git a/tests/integration/roles/test_filters/files/foo.txt b/test/integration/roles/test_filters/files/foo.txt
similarity index 100%
rename from tests/integration/roles/test_filters/files/foo.txt
rename to test/integration/roles/test_filters/files/foo.txt
diff --git a/tests/integration/roles/test_filters/meta/main.yml b/test/integration/roles/test_filters/meta/main.yml
similarity index 100%
rename from tests/integration/roles/test_filters/meta/main.yml
rename to test/integration/roles/test_filters/meta/main.yml
diff --git a/tests/integration/roles/test_filters/tasks/main.yml b/test/integration/roles/test_filters/tasks/main.yml
similarity index 100%
rename from tests/integration/roles/test_filters/tasks/main.yml
rename to test/integration/roles/test_filters/tasks/main.yml
diff --git a/tests/integration/roles/test_filters/templates/foo.j2 b/test/integration/roles/test_filters/templates/foo.j2
similarity index 100%
rename from tests/integration/roles/test_filters/templates/foo.j2
rename to test/integration/roles/test_filters/templates/foo.j2
diff --git a/tests/integration/roles/test_filters/vars/main.yml b/test/integration/roles/test_filters/vars/main.yml
similarity index 100%
rename from tests/integration/roles/test_filters/vars/main.yml
rename to test/integration/roles/test_filters/vars/main.yml
diff --git a/tests/integration/roles/test_gem/meta/main.yml b/test/integration/roles/test_gem/meta/main.yml
similarity index 100%
rename from tests/integration/roles/test_gem/meta/main.yml
rename to test/integration/roles/test_gem/meta/main.yml
diff --git a/tests/integration/roles/test_gem/tasks/main.yml b/test/integration/roles/test_gem/tasks/main.yml
similarity index 100%
rename from tests/integration/roles/test_gem/tasks/main.yml
rename to test/integration/roles/test_gem/tasks/main.yml
diff --git a/tests/integration/roles/test_git/meta/main.yml b/test/integration/roles/test_git/meta/main.yml
similarity index 100%
rename from tests/integration/roles/test_git/meta/main.yml
rename to test/integration/roles/test_git/meta/main.yml
diff --git a/tests/integration/roles/test_git/tasks/main.yml b/test/integration/roles/test_git/tasks/main.yml
similarity index 100%
rename from tests/integration/roles/test_git/tasks/main.yml
rename to test/integration/roles/test_git/tasks/main.yml
diff --git a/tests/integration/roles/test_hash_behavior/defaults/main.yml b/test/integration/roles/test_hash_behavior/defaults/main.yml
similarity index 100%
rename from tests/integration/roles/test_hash_behavior/defaults/main.yml
rename to test/integration/roles/test_hash_behavior/defaults/main.yml
diff --git a/tests/integration/roles/test_hash_behavior/meta/main.yml b/test/integration/roles/test_hash_behavior/meta/main.yml
similarity index 100%
rename from tests/integration/roles/test_hash_behavior/meta/main.yml
rename to test/integration/roles/test_hash_behavior/meta/main.yml
diff --git a/tests/integration/roles/test_hash_behavior/tasks/main.yml b/test/integration/roles/test_hash_behavior/tasks/main.yml
similarity index 100%
rename from tests/integration/roles/test_hash_behavior/tasks/main.yml
rename to test/integration/roles/test_hash_behavior/tasks/main.yml
diff --git a/tests/integration/roles/test_hash_behavior/vars/main.yml b/test/integration/roles/test_hash_behavior/vars/main.yml
similarity index 100%
rename from tests/integration/roles/test_hash_behavior/vars/main.yml
rename to test/integration/roles/test_hash_behavior/vars/main.yml
diff --git a/tests/integration/roles/test_hg/meta/main.yml b/test/integration/roles/test_hg/meta/main.yml
similarity index 100%
rename from tests/integration/roles/test_hg/meta/main.yml
rename to test/integration/roles/test_hg/meta/main.yml
diff --git a/tests/integration/roles/test_hg/tasks/main.yml b/test/integration/roles/test_hg/tasks/main.yml
similarity index 100%
rename from tests/integration/roles/test_hg/tasks/main.yml
rename to test/integration/roles/test_hg/tasks/main.yml
diff --git a/tests/integration/roles/test_ignore_errors/meta/main.yml b/test/integration/roles/test_ignore_errors/meta/main.yml
similarity index 100%
rename from tests/integration/roles/test_ignore_errors/meta/main.yml
rename to test/integration/roles/test_ignore_errors/meta/main.yml
diff --git a/tests/integration/roles/test_ignore_errors/tasks/main.yml b/test/integration/roles/test_ignore_errors/tasks/main.yml
similarity index 100%
rename from tests/integration/roles/test_ignore_errors/tasks/main.yml
rename to test/integration/roles/test_ignore_errors/tasks/main.yml
diff --git a/tests/integration/roles/test_lineinfile/files/test.txt b/test/integration/roles/test_lineinfile/files/test.txt
similarity index 100%
rename from tests/integration/roles/test_lineinfile/files/test.txt
rename to test/integration/roles/test_lineinfile/files/test.txt
diff --git a/tests/integration/roles/test_lineinfile/meta/main.yml b/test/integration/roles/test_lineinfile/meta/main.yml
similarity index 100%
rename from tests/integration/roles/test_lineinfile/meta/main.yml
rename to test/integration/roles/test_lineinfile/meta/main.yml
diff --git a/tests/integration/roles/test_lineinfile/tasks/main.yml b/test/integration/roles/test_lineinfile/tasks/main.yml
similarity index 100%
rename from tests/integration/roles/test_lineinfile/tasks/main.yml
rename to test/integration/roles/test_lineinfile/tasks/main.yml
diff --git a/tests/integration/roles/test_ping/tasks/main.yml b/test/integration/roles/test_ping/tasks/main.yml
similarity index 100%
rename from tests/integration/roles/test_ping/tasks/main.yml
rename to test/integration/roles/test_ping/tasks/main.yml
diff --git a/tests/integration/roles/test_pip/meta/main.yml b/test/integration/roles/test_pip/meta/main.yml
similarity index 100%
rename from tests/integration/roles/test_pip/meta/main.yml
rename to test/integration/roles/test_pip/meta/main.yml
diff --git a/tests/integration/roles/test_pip/tasks/main.yml b/test/integration/roles/test_pip/tasks/main.yml
similarity index 100%
rename from tests/integration/roles/test_pip/tasks/main.yml
rename to test/integration/roles/test_pip/tasks/main.yml
diff --git a/tests/integration/roles/test_service/files/ansible.systemd b/test/integration/roles/test_service/files/ansible.systemd
similarity index 100%
rename from tests/integration/roles/test_service/files/ansible.systemd
rename to test/integration/roles/test_service/files/ansible.systemd
diff --git a/tests/integration/roles/test_service/files/ansible.sysv b/test/integration/roles/test_service/files/ansible.sysv
similarity index 100%
rename from tests/integration/roles/test_service/files/ansible.sysv
rename to test/integration/roles/test_service/files/ansible.sysv
diff --git a/tests/integration/roles/test_service/files/ansible.upstart b/test/integration/roles/test_service/files/ansible.upstart
similarity index 100%
rename from tests/integration/roles/test_service/files/ansible.upstart
rename to test/integration/roles/test_service/files/ansible.upstart
diff --git a/tests/integration/roles/test_service/files/ansible_test_service b/test/integration/roles/test_service/files/ansible_test_service
similarity index 100%
rename from tests/integration/roles/test_service/files/ansible_test_service
rename to test/integration/roles/test_service/files/ansible_test_service
diff --git a/tests/integration/roles/test_service/meta/main.yml b/test/integration/roles/test_service/meta/main.yml
similarity index 100%
rename from tests/integration/roles/test_service/meta/main.yml
rename to test/integration/roles/test_service/meta/main.yml
diff --git a/tests/integration/roles/test_service/tasks/main.yml b/test/integration/roles/test_service/tasks/main.yml
similarity index 100%
rename from tests/integration/roles/test_service/tasks/main.yml
rename to test/integration/roles/test_service/tasks/main.yml
diff --git a/tests/integration/roles/test_service/tasks/systemd_cleanup.yml b/test/integration/roles/test_service/tasks/systemd_cleanup.yml
similarity index 100%
rename from tests/integration/roles/test_service/tasks/systemd_cleanup.yml
rename to test/integration/roles/test_service/tasks/systemd_cleanup.yml
diff --git a/tests/integration/roles/test_service/tasks/systemd_setup.yml b/test/integration/roles/test_service/tasks/systemd_setup.yml
similarity index 100%
rename from tests/integration/roles/test_service/tasks/systemd_setup.yml
rename to test/integration/roles/test_service/tasks/systemd_setup.yml
diff --git a/tests/integration/roles/test_service/tasks/sysv_cleanup.yml b/test/integration/roles/test_service/tasks/sysv_cleanup.yml
similarity index 100%
rename from tests/integration/roles/test_service/tasks/sysv_cleanup.yml
rename to test/integration/roles/test_service/tasks/sysv_cleanup.yml
diff --git a/tests/integration/roles/test_service/tasks/sysv_setup.yml b/test/integration/roles/test_service/tasks/sysv_setup.yml
similarity index 100%
rename from tests/integration/roles/test_service/tasks/sysv_setup.yml
rename to test/integration/roles/test_service/tasks/sysv_setup.yml
diff --git a/tests/integration/roles/test_service/tasks/upstart_cleanup.yml b/test/integration/roles/test_service/tasks/upstart_cleanup.yml
similarity index 100%
rename from tests/integration/roles/test_service/tasks/upstart_cleanup.yml
rename to test/integration/roles/test_service/tasks/upstart_cleanup.yml
diff --git a/tests/integration/roles/test_service/tasks/upstart_setup.yml b/test/integration/roles/test_service/tasks/upstart_setup.yml
similarity index 100%
rename from tests/integration/roles/test_service/tasks/upstart_setup.yml
rename to test/integration/roles/test_service/tasks/upstart_setup.yml
diff --git a/tests/integration/roles/test_service/templates/main.yml b/test/integration/roles/test_service/templates/main.yml
similarity index 100%
rename from tests/integration/roles/test_service/templates/main.yml
rename to test/integration/roles/test_service/templates/main.yml
diff --git a/tests/integration/roles/test_stat/files/foo.txt b/test/integration/roles/test_stat/files/foo.txt
similarity index 100%
rename from tests/integration/roles/test_stat/files/foo.txt
rename to test/integration/roles/test_stat/files/foo.txt
diff --git a/tests/integration/roles/test_stat/meta/main.yml b/test/integration/roles/test_stat/meta/main.yml
similarity index 100%
rename from tests/integration/roles/test_stat/meta/main.yml
rename to test/integration/roles/test_stat/meta/main.yml
diff --git a/tests/integration/roles/test_stat/tasks/main.yml b/test/integration/roles/test_stat/tasks/main.yml
similarity index 100%
rename from tests/integration/roles/test_stat/tasks/main.yml
rename to test/integration/roles/test_stat/tasks/main.yml
diff --git a/tests/integration/roles/test_subversion/meta/main.yml b/test/integration/roles/test_subversion/meta/main.yml
similarity index 100%
rename from tests/integration/roles/test_subversion/meta/main.yml
rename to test/integration/roles/test_subversion/meta/main.yml
diff --git a/tests/integration/roles/test_subversion/tasks/main.yml b/test/integration/roles/test_subversion/tasks/main.yml
similarity index 100%
rename from tests/integration/roles/test_subversion/tasks/main.yml
rename to test/integration/roles/test_subversion/tasks/main.yml
diff --git a/tests/integration/roles/test_synchronize/files/foo.txt b/test/integration/roles/test_synchronize/files/foo.txt
similarity index 100%
rename from tests/integration/roles/test_synchronize/files/foo.txt
rename to test/integration/roles/test_synchronize/files/foo.txt
diff --git a/tests/integration/roles/test_synchronize/meta/main.yml b/test/integration/roles/test_synchronize/meta/main.yml
similarity index 100%
rename from tests/integration/roles/test_synchronize/meta/main.yml
rename to test/integration/roles/test_synchronize/meta/main.yml
diff --git a/tests/integration/roles/test_synchronize/tasks/main.yml b/test/integration/roles/test_synchronize/tasks/main.yml
similarity index 100%
rename from tests/integration/roles/test_synchronize/tasks/main.yml
rename to test/integration/roles/test_synchronize/tasks/main.yml
diff --git a/tests/integration/roles/test_template/files/foo.txt b/test/integration/roles/test_template/files/foo.txt
similarity index 100%
rename from tests/integration/roles/test_template/files/foo.txt
rename to test/integration/roles/test_template/files/foo.txt
diff --git a/tests/integration/roles/test_template/meta/main.yml b/test/integration/roles/test_template/meta/main.yml
similarity index 100%
rename from tests/integration/roles/test_template/meta/main.yml
rename to test/integration/roles/test_template/meta/main.yml
diff --git a/tests/integration/roles/test_template/tasks/main.yml b/test/integration/roles/test_template/tasks/main.yml
similarity index 100%
rename from tests/integration/roles/test_template/tasks/main.yml
rename to test/integration/roles/test_template/tasks/main.yml
diff --git a/tests/integration/roles/test_template/templates/foo.j2 b/test/integration/roles/test_template/templates/foo.j2
similarity index 100%
rename from tests/integration/roles/test_template/templates/foo.j2
rename to test/integration/roles/test_template/templates/foo.j2
diff --git a/tests/integration/roles/test_template/vars/main.yml b/test/integration/roles/test_template/vars/main.yml
similarity index 100%
rename from tests/integration/roles/test_template/vars/main.yml
rename to test/integration/roles/test_template/vars/main.yml
diff --git a/tests/integration/roles/test_unarchive/files/foo.txt b/test/integration/roles/test_unarchive/files/foo.txt
similarity index 100%
rename from tests/integration/roles/test_unarchive/files/foo.txt
rename to test/integration/roles/test_unarchive/files/foo.txt
diff --git a/tests/integration/roles/test_unarchive/meta/main.yml b/test/integration/roles/test_unarchive/meta/main.yml
similarity index 100%
rename from tests/integration/roles/test_unarchive/meta/main.yml
rename to test/integration/roles/test_unarchive/meta/main.yml
diff --git a/tests/integration/roles/test_unarchive/tasks/main.yml b/test/integration/roles/test_unarchive/tasks/main.yml
similarity index 100%
rename from tests/integration/roles/test_unarchive/tasks/main.yml
rename to test/integration/roles/test_unarchive/tasks/main.yml
diff --git a/tests/integration/roles/test_var_blending/defaults/main.yml b/test/integration/roles/test_var_blending/defaults/main.yml
similarity index 100%
rename from tests/integration/roles/test_var_blending/defaults/main.yml
rename to test/integration/roles/test_var_blending/defaults/main.yml
diff --git a/tests/integration/roles/test_var_blending/files/foo.txt b/test/integration/roles/test_var_blending/files/foo.txt
similarity index 100%
rename from tests/integration/roles/test_var_blending/files/foo.txt
rename to test/integration/roles/test_var_blending/files/foo.txt
diff --git a/tests/integration/roles/test_var_blending/meta/main.yml b/test/integration/roles/test_var_blending/meta/main.yml
similarity index 100%
rename from tests/integration/roles/test_var_blending/meta/main.yml
rename to test/integration/roles/test_var_blending/meta/main.yml
diff --git a/tests/integration/roles/test_var_blending/tasks/main.yml b/test/integration/roles/test_var_blending/tasks/main.yml
similarity index 100%
rename from tests/integration/roles/test_var_blending/tasks/main.yml
rename to test/integration/roles/test_var_blending/tasks/main.yml
diff --git a/tests/integration/roles/test_var_blending/templates/foo.j2 b/test/integration/roles/test_var_blending/templates/foo.j2
similarity index 100%
rename from tests/integration/roles/test_var_blending/templates/foo.j2
rename to test/integration/roles/test_var_blending/templates/foo.j2
diff --git a/tests/integration/roles/test_var_blending/vars/main.yml b/test/integration/roles/test_var_blending/vars/main.yml
similarity index 100%
rename from tests/integration/roles/test_var_blending/vars/main.yml
rename to test/integration/roles/test_var_blending/vars/main.yml
diff --git a/tests/integration/roles/test_var_blending/vars/more_vars.yml b/test/integration/roles/test_var_blending/vars/more_vars.yml
similarity index 100%
rename from tests/integration/roles/test_var_blending/vars/more_vars.yml
rename to test/integration/roles/test_var_blending/vars/more_vars.yml
diff --git a/tests/integration/roles/test_yum/meta/main.yml b/test/integration/roles/test_yum/meta/main.yml
similarity index 100%
rename from tests/integration/roles/test_yum/meta/main.yml
rename to test/integration/roles/test_yum/meta/main.yml
diff --git a/tests/integration/roles/test_yum/tasks/main.yml b/test/integration/roles/test_yum/tasks/main.yml
similarity index 100%
rename from tests/integration/roles/test_yum/tasks/main.yml
rename to test/integration/roles/test_yum/tasks/main.yml
diff --git a/tests/integration/roles/test_yum/tasks/yum.yml b/test/integration/roles/test_yum/tasks/yum.yml
similarity index 100%
rename from tests/integration/roles/test_yum/tasks/yum.yml
rename to test/integration/roles/test_yum/tasks/yum.yml
diff --git a/tests/integration/test_hash.yml b/test/integration/test_hash.yml
similarity index 100%
rename from tests/integration/test_hash.yml
rename to test/integration/test_hash.yml
diff --git a/tests/integration/test_setup.yml b/test/integration/test_setup.yml
similarity index 100%
rename from tests/integration/test_setup.yml
rename to test/integration/test_setup.yml
diff --git a/tests/integration/vars/test_hash_vars.yml b/test/integration/vars/test_hash_vars.yml
similarity index 100%
rename from tests/integration/vars/test_hash_vars.yml
rename to test/integration/vars/test_hash_vars.yml
diff --git a/tests/integration/vars_file.yml b/test/integration/vars_file.yml
similarity index 100%
rename from tests/integration/vars_file.yml
rename to test/integration/vars_file.yml
diff --git a/tests/units/README.md b/test/units/README.md
similarity index 100%
rename from tests/units/README.md
rename to test/units/README.md
diff --git a/tests/units/TestConstants.py b/test/units/TestConstants.py
similarity index 100%
rename from tests/units/TestConstants.py
rename to test/units/TestConstants.py
diff --git a/tests/units/TestFilters.py b/test/units/TestFilters.py
similarity index 100%
rename from tests/units/TestFilters.py
rename to test/units/TestFilters.py
diff --git a/tests/units/TestInventory.py b/test/units/TestInventory.py
similarity index 100%
rename from tests/units/TestInventory.py
rename to test/units/TestInventory.py
diff --git a/tests/units/TestSynchronize.py b/test/units/TestSynchronize.py
similarity index 100%
rename from tests/units/TestSynchronize.py
rename to test/units/TestSynchronize.py
diff --git a/tests/units/TestUtils.py b/test/units/TestUtils.py
similarity index 100%
rename from tests/units/TestUtils.py
rename to test/units/TestUtils.py
diff --git a/tests/units/ansible.cfg b/test/units/ansible.cfg
similarity index 100%
rename from tests/units/ansible.cfg
rename to test/units/ansible.cfg
diff --git a/tests/units/inventory_test_data/ansible_hosts b/test/units/inventory_test_data/ansible_hosts
similarity index 100%
rename from tests/units/inventory_test_data/ansible_hosts
rename to test/units/inventory_test_data/ansible_hosts
diff --git a/tests/units/inventory_test_data/common_vars.yml b/test/units/inventory_test_data/common_vars.yml
similarity index 100%
rename from tests/units/inventory_test_data/common_vars.yml
rename to test/units/inventory_test_data/common_vars.yml
diff --git a/tests/units/inventory_test_data/complex_hosts b/test/units/inventory_test_data/complex_hosts
similarity index 100%
rename from tests/units/inventory_test_data/complex_hosts
rename to test/units/inventory_test_data/complex_hosts
diff --git a/tests/units/inventory_test_data/hosts_list.yml b/test/units/inventory_test_data/hosts_list.yml
similarity index 100%
rename from tests/units/inventory_test_data/hosts_list.yml
rename to test/units/inventory_test_data/hosts_list.yml
diff --git a/tests/units/inventory_test_data/inventory/test_alpha_end_before_beg b/test/units/inventory_test_data/inventory/test_alpha_end_before_beg
similarity index 100%
rename from tests/units/inventory_test_data/inventory/test_alpha_end_before_beg
rename to test/units/inventory_test_data/inventory/test_alpha_end_before_beg
diff --git a/tests/units/inventory_test_data/inventory/test_combined_range b/test/units/inventory_test_data/inventory/test_combined_range
similarity index 100%
rename from tests/units/inventory_test_data/inventory/test_combined_range
rename to test/units/inventory_test_data/inventory/test_combined_range
diff --git a/tests/units/inventory_test_data/inventory/test_incorrect_format b/test/units/inventory_test_data/inventory/test_incorrect_format
similarity index 100%
rename from tests/units/inventory_test_data/inventory/test_incorrect_format
rename to test/units/inventory_test_data/inventory/test_incorrect_format
diff --git a/tests/units/inventory_test_data/inventory/test_incorrect_range b/test/units/inventory_test_data/inventory/test_incorrect_range
similarity index 100%
rename from tests/units/inventory_test_data/inventory/test_incorrect_range
rename to test/units/inventory_test_data/inventory/test_incorrect_range
diff --git a/tests/units/inventory_test_data/inventory/test_leading_range b/test/units/inventory_test_data/inventory/test_leading_range
similarity index 100%
rename from tests/units/inventory_test_data/inventory/test_leading_range
rename to test/units/inventory_test_data/inventory/test_leading_range
diff --git a/tests/units/inventory_test_data/inventory/test_missing_end b/test/units/inventory_test_data/inventory/test_missing_end
similarity index 100%
rename from tests/units/inventory_test_data/inventory/test_missing_end
rename to test/units/inventory_test_data/inventory/test_missing_end
diff --git a/tests/units/inventory_test_data/inventory_api.py b/test/units/inventory_test_data/inventory_api.py
similarity index 100%
rename from tests/units/inventory_test_data/inventory_api.py
rename to test/units/inventory_test_data/inventory_api.py
diff --git a/tests/units/inventory_test_data/inventory_dir/0hosts b/test/units/inventory_test_data/inventory_dir/0hosts
similarity index 100%
rename from tests/units/inventory_test_data/inventory_dir/0hosts
rename to test/units/inventory_test_data/inventory_dir/0hosts
diff --git a/tests/units/inventory_test_data/inventory_dir/1mythology b/test/units/inventory_test_data/inventory_dir/1mythology
similarity index 100%
rename from tests/units/inventory_test_data/inventory_dir/1mythology
rename to test/units/inventory_test_data/inventory_dir/1mythology
diff --git a/tests/units/inventory_test_data/inventory_dir/2levels b/test/units/inventory_test_data/inventory_dir/2levels
similarity index 100%
rename from tests/units/inventory_test_data/inventory_dir/2levels
rename to test/units/inventory_test_data/inventory_dir/2levels
diff --git a/tests/units/inventory_test_data/inventory_dir/3comments b/test/units/inventory_test_data/inventory_dir/3comments
similarity index 100%
rename from tests/units/inventory_test_data/inventory_dir/3comments
rename to test/units/inventory_test_data/inventory_dir/3comments
diff --git a/tests/units/inventory_test_data/large_range b/test/units/inventory_test_data/large_range
similarity index 100%
rename from tests/units/inventory_test_data/large_range
rename to test/units/inventory_test_data/large_range
diff --git a/tests/units/inventory_test_data/restrict_pattern b/test/units/inventory_test_data/restrict_pattern
similarity index 100%
rename from tests/units/inventory_test_data/restrict_pattern
rename to test/units/inventory_test_data/restrict_pattern
diff --git a/tests/units/inventory_test_data/simple_hosts b/test/units/inventory_test_data/simple_hosts
similarity index 100%
rename from tests/units/inventory_test_data/simple_hosts
rename to test/units/inventory_test_data/simple_hosts
