commit 11d3d096cf9b0892c1fe307c3fbd1921d848ff2c
Author: David Cramer <dcramer@gmail.com>
Date:   Sun May 8 09:14:49 2016 -0700

    Move south migrations to compatibility path

diff --git a/.coveragerc b/.coveragerc
index 57573af250..c09f1b21d2 100644
--- a/.coveragerc
+++ b/.coveragerc
@@ -1,2 +1,2 @@
 [report]
-omit=src/sentry/migrations/*
\ No newline at end of file
+omit=src/sentry/south_migrations/*
diff --git a/setup.cfg b/setup.cfg
index 05cdbc2907..02d240cd57 100644
--- a/setup.cfg
+++ b/setup.cfg
@@ -7,7 +7,7 @@ looponfailroots = src/sentry tests
 [flake8]
 ignore = F999,E501,E128,E124,E402,W503,E731,C901
 max-line-length = 100
-exclude = .tox,.git,*/migrations/*,node_modules/*,src/sentry/static/sentry/vendor/*,docs/*
+exclude = .tox,.git,*/south_migrations/*,node_modules/*,src/sentry/static/sentry/vendor/*,docs/*
 
 [bdist_wheel]
 python-tag = py27
diff --git a/src/sentry/nodestore/migrations/0001_initial.py b/src/sentry/nodestore/south_migrations/0001_initial.py
similarity index 100%
rename from src/sentry/nodestore/migrations/0001_initial.py
rename to src/sentry/nodestore/south_migrations/0001_initial.py
diff --git a/src/sentry/migrations/__init__.py b/src/sentry/nodestore/south_migrations/__init__.py
similarity index 100%
rename from src/sentry/migrations/__init__.py
rename to src/sentry/nodestore/south_migrations/__init__.py
diff --git a/src/sentry/search/migrations/0001_initial.py b/src/sentry/search/south_migrations/0001_initial.py
similarity index 100%
rename from src/sentry/search/migrations/0001_initial.py
rename to src/sentry/search/south_migrations/0001_initial.py
diff --git a/src/sentry/search/migrations/0002_auto__del_searchtoken__del_unique_searchtoken_document_field_token__de.py b/src/sentry/search/south_migrations/0002_auto__del_searchtoken__del_unique_searchtoken_document_field_token__de.py
similarity index 100%
rename from src/sentry/search/migrations/0002_auto__del_searchtoken__del_unique_searchtoken_document_field_token__de.py
rename to src/sentry/search/south_migrations/0002_auto__del_searchtoken__del_unique_searchtoken_document_field_token__de.py
diff --git a/src/sentry/nodestore/migrations/__init__.py b/src/sentry/search/south_migrations/__init__.py
similarity index 100%
rename from src/sentry/nodestore/migrations/__init__.py
rename to src/sentry/search/south_migrations/__init__.py
diff --git a/src/sentry/migrations/0001_initial.py b/src/sentry/south_migrations/0001_initial.py
similarity index 100%
rename from src/sentry/migrations/0001_initial.py
rename to src/sentry/south_migrations/0001_initial.py
diff --git a/src/sentry/migrations/0002_auto__del_field_groupedmessage_url__chg_field_groupedmessage_view__chg.py b/src/sentry/south_migrations/0002_auto__del_field_groupedmessage_url__chg_field_groupedmessage_view__chg.py
similarity index 100%
rename from src/sentry/migrations/0002_auto__del_field_groupedmessage_url__chg_field_groupedmessage_view__chg.py
rename to src/sentry/south_migrations/0002_auto__del_field_groupedmessage_url__chg_field_groupedmessage_view__chg.py
diff --git a/src/sentry/migrations/0003_auto__add_field_message_group__del_field_groupedmessage_server_name.py b/src/sentry/south_migrations/0003_auto__add_field_message_group__del_field_groupedmessage_server_name.py
similarity index 100%
rename from src/sentry/migrations/0003_auto__add_field_message_group__del_field_groupedmessage_server_name.py
rename to src/sentry/south_migrations/0003_auto__add_field_message_group__del_field_groupedmessage_server_name.py
diff --git a/src/sentry/migrations/0004_auto__add_filtervalue__add_unique_filtervalue_key_value.py b/src/sentry/south_migrations/0004_auto__add_filtervalue__add_unique_filtervalue_key_value.py
similarity index 100%
rename from src/sentry/migrations/0004_auto__add_filtervalue__add_unique_filtervalue_key_value.py
rename to src/sentry/south_migrations/0004_auto__add_filtervalue__add_unique_filtervalue_key_value.py
diff --git a/src/sentry/migrations/0005_auto.py b/src/sentry/south_migrations/0005_auto.py
similarity index 100%
rename from src/sentry/migrations/0005_auto.py
rename to src/sentry/south_migrations/0005_auto.py
diff --git a/src/sentry/migrations/0006_auto.py b/src/sentry/south_migrations/0006_auto.py
similarity index 100%
rename from src/sentry/migrations/0006_auto.py
rename to src/sentry/south_migrations/0006_auto.py
diff --git a/src/sentry/migrations/0007_auto__add_field_message_site.py b/src/sentry/south_migrations/0007_auto__add_field_message_site.py
similarity index 100%
rename from src/sentry/migrations/0007_auto__add_field_message_site.py
rename to src/sentry/south_migrations/0007_auto__add_field_message_site.py
diff --git a/src/sentry/migrations/0008_auto__chg_field_message_view__add_field_groupedmessage_data__chg_field.py b/src/sentry/south_migrations/0008_auto__chg_field_message_view__add_field_groupedmessage_data__chg_field.py
similarity index 100%
rename from src/sentry/migrations/0008_auto__chg_field_message_view__add_field_groupedmessage_data__chg_field.py
rename to src/sentry/south_migrations/0008_auto__chg_field_message_view__add_field_groupedmessage_data__chg_field.py
diff --git a/src/sentry/migrations/0009_auto__add_field_message_message_id.py b/src/sentry/south_migrations/0009_auto__add_field_message_message_id.py
similarity index 100%
rename from src/sentry/migrations/0009_auto__add_field_message_message_id.py
rename to src/sentry/south_migrations/0009_auto__add_field_message_message_id.py
diff --git a/src/sentry/migrations/0010_auto__add_messageindex__add_unique_messageindex_column_value_object_id.py b/src/sentry/south_migrations/0010_auto__add_messageindex__add_unique_messageindex_column_value_object_id.py
similarity index 100%
rename from src/sentry/migrations/0010_auto__add_messageindex__add_unique_messageindex_column_value_object_id.py
rename to src/sentry/south_migrations/0010_auto__add_messageindex__add_unique_messageindex_column_value_object_id.py
diff --git a/src/sentry/migrations/0011_auto__add_field_groupedmessage_score.py b/src/sentry/south_migrations/0011_auto__add_field_groupedmessage_score.py
similarity index 100%
rename from src/sentry/migrations/0011_auto__add_field_groupedmessage_score.py
rename to src/sentry/south_migrations/0011_auto__add_field_groupedmessage_score.py
diff --git a/src/sentry/migrations/0012_auto.py b/src/sentry/south_migrations/0012_auto.py
similarity index 100%
rename from src/sentry/migrations/0012_auto.py
rename to src/sentry/south_migrations/0012_auto.py
diff --git a/src/sentry/migrations/0013_auto__add_messagecountbyminute__add_unique_messagecountbyminute_group_.py b/src/sentry/south_migrations/0013_auto__add_messagecountbyminute__add_unique_messagecountbyminute_group_.py
similarity index 100%
rename from src/sentry/migrations/0013_auto__add_messagecountbyminute__add_unique_messagecountbyminute_group_.py
rename to src/sentry/south_migrations/0013_auto__add_messagecountbyminute__add_unique_messagecountbyminute_group_.py
diff --git a/src/sentry/migrations/0014_auto.py b/src/sentry/south_migrations/0014_auto.py
similarity index 100%
rename from src/sentry/migrations/0014_auto.py
rename to src/sentry/south_migrations/0014_auto.py
diff --git a/src/sentry/migrations/0014_auto__add_project__add_projectmember__add_unique_projectmember_project.py b/src/sentry/south_migrations/0014_auto__add_project__add_projectmember__add_unique_projectmember_project.py
similarity index 100%
rename from src/sentry/migrations/0014_auto__add_project__add_projectmember__add_unique_projectmember_project.py
rename to src/sentry/south_migrations/0014_auto__add_project__add_projectmember__add_unique_projectmember_project.py
diff --git a/src/sentry/migrations/0015_auto__add_field_message_project__add_field_messagecountbyminute_projec.py b/src/sentry/south_migrations/0015_auto__add_field_message_project__add_field_messagecountbyminute_projec.py
similarity index 100%
rename from src/sentry/migrations/0015_auto__add_field_message_project__add_field_messagecountbyminute_projec.py
rename to src/sentry/south_migrations/0015_auto__add_field_message_project__add_field_messagecountbyminute_projec.py
diff --git a/src/sentry/migrations/0016_auto__add_field_projectmember_is_superuser.py b/src/sentry/south_migrations/0016_auto__add_field_projectmember_is_superuser.py
similarity index 100%
rename from src/sentry/migrations/0016_auto__add_field_projectmember_is_superuser.py
rename to src/sentry/south_migrations/0016_auto__add_field_projectmember_is_superuser.py
diff --git a/src/sentry/migrations/0017_auto__add_field_projectmember_api_key.py b/src/sentry/south_migrations/0017_auto__add_field_projectmember_api_key.py
similarity index 100%
rename from src/sentry/migrations/0017_auto__add_field_projectmember_api_key.py
rename to src/sentry/south_migrations/0017_auto__add_field_projectmember_api_key.py
diff --git a/src/sentry/migrations/0018_auto__chg_field_project_owner.py b/src/sentry/south_migrations/0018_auto__chg_field_project_owner.py
similarity index 100%
rename from src/sentry/migrations/0018_auto__chg_field_project_owner.py
rename to src/sentry/south_migrations/0018_auto__chg_field_project_owner.py
diff --git a/src/sentry/migrations/0019_auto__del_field_projectmember_api_key__add_field_projectmember_public_.py b/src/sentry/south_migrations/0019_auto__del_field_projectmember_api_key__add_field_projectmember_public_.py
similarity index 100%
rename from src/sentry/migrations/0019_auto__del_field_projectmember_api_key__add_field_projectmember_public_.py
rename to src/sentry/south_migrations/0019_auto__del_field_projectmember_api_key__add_field_projectmember_public_.py
diff --git a/src/sentry/migrations/0020_auto__add_projectdomain__add_unique_projectdomain_project_domain.py b/src/sentry/south_migrations/0020_auto__add_projectdomain__add_unique_projectdomain_project_domain.py
similarity index 100%
rename from src/sentry/migrations/0020_auto__add_projectdomain__add_unique_projectdomain_project_domain.py
rename to src/sentry/south_migrations/0020_auto__add_projectdomain__add_unique_projectdomain_project_domain.py
diff --git a/src/sentry/migrations/0021_auto__del_message__del_groupedmessage__del_unique_groupedmessage_proje.py b/src/sentry/south_migrations/0021_auto__del_message__del_groupedmessage__del_unique_groupedmessage_proje.py
similarity index 100%
rename from src/sentry/migrations/0021_auto__del_message__del_groupedmessage__del_unique_groupedmessage_proje.py
rename to src/sentry/south_migrations/0021_auto__del_message__del_groupedmessage__del_unique_groupedmessage_proje.py
diff --git a/src/sentry/migrations/0022_auto__del_field_group_class_name__del_field_group_traceback__del_field.py b/src/sentry/south_migrations/0022_auto__del_field_group_class_name__del_field_group_traceback__del_field.py
similarity index 100%
rename from src/sentry/migrations/0022_auto__del_field_group_class_name__del_field_group_traceback__del_field.py
rename to src/sentry/south_migrations/0022_auto__del_field_group_class_name__del_field_group_traceback__del_field.py
diff --git a/src/sentry/migrations/0023_auto__add_field_event_time_spent.py b/src/sentry/south_migrations/0023_auto__add_field_event_time_spent.py
similarity index 100%
rename from src/sentry/migrations/0023_auto__add_field_event_time_spent.py
rename to src/sentry/south_migrations/0023_auto__add_field_event_time_spent.py
diff --git a/src/sentry/migrations/0024_auto__add_field_group_time_spent_total__add_field_group_time_spent_cou.py b/src/sentry/south_migrations/0024_auto__add_field_group_time_spent_total__add_field_group_time_spent_cou.py
similarity index 100%
rename from src/sentry/migrations/0024_auto__add_field_group_time_spent_total__add_field_group_time_spent_cou.py
rename to src/sentry/south_migrations/0024_auto__add_field_group_time_spent_total__add_field_group_time_spent_cou.py
diff --git a/src/sentry/migrations/0025_auto__add_field_messagecountbyminute_time_spent_total__add_field_messa.py b/src/sentry/south_migrations/0025_auto__add_field_messagecountbyminute_time_spent_total__add_field_messa.py
similarity index 100%
rename from src/sentry/migrations/0025_auto__add_field_messagecountbyminute_time_spent_total__add_field_messa.py
rename to src/sentry/south_migrations/0025_auto__add_field_messagecountbyminute_time_spent_total__add_field_messa.py
diff --git a/src/sentry/migrations/0026_auto__add_field_project_status.py b/src/sentry/south_migrations/0026_auto__add_field_project_status.py
similarity index 100%
rename from src/sentry/migrations/0026_auto__add_field_project_status.py
rename to src/sentry/south_migrations/0026_auto__add_field_project_status.py
diff --git a/src/sentry/migrations/0027_auto__chg_field_event_server_name.py b/src/sentry/south_migrations/0027_auto__chg_field_event_server_name.py
similarity index 100%
rename from src/sentry/migrations/0027_auto__chg_field_event_server_name.py
rename to src/sentry/south_migrations/0027_auto__chg_field_event_server_name.py
diff --git a/src/sentry/migrations/0028_auto__add_projectoptions__add_unique_projectoptions_project_key_value.py b/src/sentry/south_migrations/0028_auto__add_projectoptions__add_unique_projectoptions_project_key_value.py
similarity index 100%
rename from src/sentry/migrations/0028_auto__add_projectoptions__add_unique_projectoptions_project_key_value.py
rename to src/sentry/south_migrations/0028_auto__add_projectoptions__add_unique_projectoptions_project_key_value.py
diff --git a/src/sentry/migrations/0029_auto__del_field_projectmember_is_superuser__del_field_projectmember_pe.py b/src/sentry/south_migrations/0029_auto__del_field_projectmember_is_superuser__del_field_projectmember_pe.py
similarity index 100%
rename from src/sentry/migrations/0029_auto__del_field_projectmember_is_superuser__del_field_projectmember_pe.py
rename to src/sentry/south_migrations/0029_auto__del_field_projectmember_is_superuser__del_field_projectmember_pe.py
diff --git a/src/sentry/migrations/0030_auto__add_view__chg_field_event_group.py b/src/sentry/south_migrations/0030_auto__add_view__chg_field_event_group.py
similarity index 100%
rename from src/sentry/migrations/0030_auto__add_view__chg_field_event_group.py
rename to src/sentry/south_migrations/0030_auto__add_view__chg_field_event_group.py
diff --git a/src/sentry/migrations/0031_auto__add_field_view_verbose_name__add_field_view_verbose_name_plural_.py b/src/sentry/south_migrations/0031_auto__add_field_view_verbose_name__add_field_view_verbose_name_plural_.py
similarity index 100%
rename from src/sentry/migrations/0031_auto__add_field_view_verbose_name__add_field_view_verbose_name_plural_.py
rename to src/sentry/south_migrations/0031_auto__add_field_view_verbose_name__add_field_view_verbose_name_plural_.py
diff --git a/src/sentry/migrations/0032_auto__add_eventmeta.py b/src/sentry/south_migrations/0032_auto__add_eventmeta.py
similarity index 100%
rename from src/sentry/migrations/0032_auto__add_eventmeta.py
rename to src/sentry/south_migrations/0032_auto__add_eventmeta.py
diff --git a/src/sentry/migrations/0033_auto__add_option__add_unique_option_key_value.py b/src/sentry/south_migrations/0033_auto__add_option__add_unique_option_key_value.py
similarity index 100%
rename from src/sentry/migrations/0033_auto__add_option__add_unique_option_key_value.py
rename to src/sentry/south_migrations/0033_auto__add_option__add_unique_option_key_value.py
diff --git a/src/sentry/migrations/0034_auto__add_groupbookmark__add_unique_groupbookmark_project_user_group.py b/src/sentry/south_migrations/0034_auto__add_groupbookmark__add_unique_groupbookmark_project_user_group.py
similarity index 100%
rename from src/sentry/migrations/0034_auto__add_groupbookmark__add_unique_groupbookmark_project_user_group.py
rename to src/sentry/south_migrations/0034_auto__add_groupbookmark__add_unique_groupbookmark_project_user_group.py
diff --git a/src/sentry/migrations/0034_auto__add_unique_option_key__del_unique_option_value_key__del_unique_g.py b/src/sentry/south_migrations/0034_auto__add_unique_option_key__del_unique_option_value_key__del_unique_g.py
similarity index 100%
rename from src/sentry/migrations/0034_auto__add_unique_option_key__del_unique_option_value_key__del_unique_g.py
rename to src/sentry/south_migrations/0034_auto__add_unique_option_key__del_unique_option_value_key__del_unique_g.py
diff --git a/src/sentry/migrations/0036_auto__chg_field_option_value__chg_field_projectoption_value.py b/src/sentry/south_migrations/0036_auto__chg_field_option_value__chg_field_projectoption_value.py
similarity index 100%
rename from src/sentry/migrations/0036_auto__chg_field_option_value__chg_field_projectoption_value.py
rename to src/sentry/south_migrations/0036_auto__chg_field_option_value__chg_field_projectoption_value.py
diff --git a/src/sentry/migrations/0037_auto__add_unique_option_key__del_unique_option_value_key__del_unique_g.py b/src/sentry/south_migrations/0037_auto__add_unique_option_key__del_unique_option_value_key__del_unique_g.py
similarity index 100%
rename from src/sentry/migrations/0037_auto__add_unique_option_key__del_unique_option_value_key__del_unique_g.py
rename to src/sentry/south_migrations/0037_auto__add_unique_option_key__del_unique_option_value_key__del_unique_g.py
diff --git a/src/sentry/migrations/0038_auto__add_searchtoken__add_unique_searchtoken_document_field_token__ad.py b/src/sentry/south_migrations/0038_auto__add_searchtoken__add_unique_searchtoken_document_field_token__ad.py
similarity index 100%
rename from src/sentry/migrations/0038_auto__add_searchtoken__add_unique_searchtoken_document_field_token__ad.py
rename to src/sentry/south_migrations/0038_auto__add_searchtoken__add_unique_searchtoken_document_field_token__ad.py
diff --git a/src/sentry/migrations/0039_auto__add_field_searchdocument_status.py b/src/sentry/south_migrations/0039_auto__add_field_searchdocument_status.py
similarity index 100%
rename from src/sentry/migrations/0039_auto__add_field_searchdocument_status.py
rename to src/sentry/south_migrations/0039_auto__add_field_searchdocument_status.py
diff --git a/src/sentry/migrations/0040_auto__del_unique_event_event_id__add_unique_event_project_event_id.py b/src/sentry/south_migrations/0040_auto__del_unique_event_event_id__add_unique_event_project_event_id.py
similarity index 100%
rename from src/sentry/migrations/0040_auto__del_unique_event_event_id__add_unique_event_project_event_id.py
rename to src/sentry/south_migrations/0040_auto__del_unique_event_event_id__add_unique_event_project_event_id.py
diff --git a/src/sentry/migrations/0041_auto__add_field_messagefiltervalue_last_seen__add_field_messagefilterv.py b/src/sentry/south_migrations/0041_auto__add_field_messagefiltervalue_last_seen__add_field_messagefilterv.py
similarity index 100%
rename from src/sentry/migrations/0041_auto__add_field_messagefiltervalue_last_seen__add_field_messagefilterv.py
rename to src/sentry/south_migrations/0041_auto__add_field_messagefiltervalue_last_seen__add_field_messagefilterv.py
diff --git a/src/sentry/migrations/0042_auto__add_projectcountbyminute__add_unique_projectcountbyminute_projec.py b/src/sentry/south_migrations/0042_auto__add_projectcountbyminute__add_unique_projectcountbyminute_projec.py
similarity index 100%
rename from src/sentry/migrations/0042_auto__add_projectcountbyminute__add_unique_projectcountbyminute_projec.py
rename to src/sentry/south_migrations/0042_auto__add_projectcountbyminute__add_unique_projectcountbyminute_projec.py
diff --git a/src/sentry/migrations/0043_auto__chg_field_option_value__chg_field_projectoption_value.py b/src/sentry/south_migrations/0043_auto__chg_field_option_value__chg_field_projectoption_value.py
similarity index 100%
rename from src/sentry/migrations/0043_auto__chg_field_option_value__chg_field_projectoption_value.py
rename to src/sentry/south_migrations/0043_auto__chg_field_option_value__chg_field_projectoption_value.py
diff --git a/src/sentry/migrations/0044_auto__add_field_projectmember_is_active.py b/src/sentry/south_migrations/0044_auto__add_field_projectmember_is_active.py
similarity index 100%
rename from src/sentry/migrations/0044_auto__add_field_projectmember_is_active.py
rename to src/sentry/south_migrations/0044_auto__add_field_projectmember_is_active.py
diff --git a/src/sentry/migrations/0045_auto__add_pendingprojectmember__add_unique_pendingprojectmember_projec.py b/src/sentry/south_migrations/0045_auto__add_pendingprojectmember__add_unique_pendingprojectmember_projec.py
similarity index 100%
rename from src/sentry/migrations/0045_auto__add_pendingprojectmember__add_unique_pendingprojectmember_projec.py
rename to src/sentry/south_migrations/0045_auto__add_pendingprojectmember__add_unique_pendingprojectmember_projec.py
diff --git a/src/sentry/migrations/0046_auto__add_teammember__add_unique_teammember_team_user__add_team__add_p.py b/src/sentry/south_migrations/0046_auto__add_teammember__add_unique_teammember_team_user__add_team__add_p.py
similarity index 100%
rename from src/sentry/migrations/0046_auto__add_teammember__add_unique_teammember_team_user__add_team__add_p.py
rename to src/sentry/south_migrations/0046_auto__add_teammember__add_unique_teammember_team_user__add_team__add_p.py
diff --git a/src/sentry/migrations/0047_migrate_project_slugs.py b/src/sentry/south_migrations/0047_migrate_project_slugs.py
similarity index 100%
rename from src/sentry/migrations/0047_migrate_project_slugs.py
rename to src/sentry/south_migrations/0047_migrate_project_slugs.py
diff --git a/src/sentry/migrations/0048_migrate_project_keys.py b/src/sentry/south_migrations/0048_migrate_project_keys.py
similarity index 100%
rename from src/sentry/migrations/0048_migrate_project_keys.py
rename to src/sentry/south_migrations/0048_migrate_project_keys.py
diff --git a/src/sentry/migrations/0049_create_default_project_keys.py b/src/sentry/south_migrations/0049_create_default_project_keys.py
similarity index 100%
rename from src/sentry/migrations/0049_create_default_project_keys.py
rename to src/sentry/south_migrations/0049_create_default_project_keys.py
diff --git a/src/sentry/migrations/0050_remove_project_keys_from_members.py b/src/sentry/south_migrations/0050_remove_project_keys_from_members.py
similarity index 100%
rename from src/sentry/migrations/0050_remove_project_keys_from_members.py
rename to src/sentry/south_migrations/0050_remove_project_keys_from_members.py
diff --git a/src/sentry/migrations/0051_auto__del_pendingprojectmember__del_unique_pendingprojectmember_projec.py b/src/sentry/south_migrations/0051_auto__del_pendingprojectmember__del_unique_pendingprojectmember_projec.py
similarity index 100%
rename from src/sentry/migrations/0051_auto__del_pendingprojectmember__del_unique_pendingprojectmember_projec.py
rename to src/sentry/south_migrations/0051_auto__del_pendingprojectmember__del_unique_pendingprojectmember_projec.py
diff --git a/src/sentry/migrations/0052_migrate_project_members.py b/src/sentry/south_migrations/0052_migrate_project_members.py
similarity index 100%
rename from src/sentry/migrations/0052_migrate_project_members.py
rename to src/sentry/south_migrations/0052_migrate_project_members.py
diff --git a/src/sentry/migrations/0053_auto__del_projectmember__del_unique_projectmember_project_user.py b/src/sentry/south_migrations/0053_auto__del_projectmember__del_unique_projectmember_project_user.py
similarity index 100%
rename from src/sentry/migrations/0053_auto__del_projectmember__del_unique_projectmember_project_user.py
rename to src/sentry/south_migrations/0053_auto__del_projectmember__del_unique_projectmember_project_user.py
diff --git a/src/sentry/migrations/0054_fix_project_keys.py b/src/sentry/south_migrations/0054_fix_project_keys.py
similarity index 100%
rename from src/sentry/migrations/0054_fix_project_keys.py
rename to src/sentry/south_migrations/0054_fix_project_keys.py
diff --git a/src/sentry/migrations/0055_auto__del_projectdomain__del_unique_projectdomain_project_domain.py b/src/sentry/south_migrations/0055_auto__del_projectdomain__del_unique_projectdomain_project_domain.py
similarity index 100%
rename from src/sentry/migrations/0055_auto__del_projectdomain__del_unique_projectdomain_project_domain.py
rename to src/sentry/south_migrations/0055_auto__del_projectdomain__del_unique_projectdomain_project_domain.py
diff --git a/src/sentry/migrations/0056_auto__add_field_group_resolved_at.py b/src/sentry/south_migrations/0056_auto__add_field_group_resolved_at.py
similarity index 100%
rename from src/sentry/migrations/0056_auto__add_field_group_resolved_at.py
rename to src/sentry/south_migrations/0056_auto__add_field_group_resolved_at.py
diff --git a/src/sentry/migrations/0057_auto__add_field_group_active_at.py b/src/sentry/south_migrations/0057_auto__add_field_group_active_at.py
similarity index 100%
rename from src/sentry/migrations/0057_auto__add_field_group_active_at.py
rename to src/sentry/south_migrations/0057_auto__add_field_group_active_at.py
diff --git a/src/sentry/migrations/0058_auto__add_useroption__add_unique_useroption_user_project_key.py b/src/sentry/south_migrations/0058_auto__add_useroption__add_unique_useroption_user_project_key.py
similarity index 100%
rename from src/sentry/migrations/0058_auto__add_useroption__add_unique_useroption_user_project_key.py
rename to src/sentry/south_migrations/0058_auto__add_useroption__add_unique_useroption_user_project_key.py
diff --git a/src/sentry/migrations/0059_auto__add_filterkey__add_unique_filterkey_project_key.py b/src/sentry/south_migrations/0059_auto__add_filterkey__add_unique_filterkey_project_key.py
similarity index 100%
rename from src/sentry/migrations/0059_auto__add_filterkey__add_unique_filterkey_project_key.py
rename to src/sentry/south_migrations/0059_auto__add_filterkey__add_unique_filterkey_project_key.py
diff --git a/src/sentry/migrations/0060_fill_filter_key.py b/src/sentry/south_migrations/0060_fill_filter_key.py
similarity index 100%
rename from src/sentry/migrations/0060_fill_filter_key.py
rename to src/sentry/south_migrations/0060_fill_filter_key.py
diff --git a/src/sentry/migrations/0061_auto__add_field_group_group_id__add_field_group_is_public.py b/src/sentry/south_migrations/0061_auto__add_field_group_group_id__add_field_group_is_public.py
similarity index 100%
rename from src/sentry/migrations/0061_auto__add_field_group_group_id__add_field_group_is_public.py
rename to src/sentry/south_migrations/0061_auto__add_field_group_group_id__add_field_group_is_public.py
diff --git a/src/sentry/migrations/0062_correct_del_index_sentry_groupedmessage_logger__view__checksum.py b/src/sentry/south_migrations/0062_correct_del_index_sentry_groupedmessage_logger__view__checksum.py
similarity index 100%
rename from src/sentry/migrations/0062_correct_del_index_sentry_groupedmessage_logger__view__checksum.py
rename to src/sentry/south_migrations/0062_correct_del_index_sentry_groupedmessage_logger__view__checksum.py
diff --git a/src/sentry/migrations/0063_auto.py b/src/sentry/south_migrations/0063_auto.py
similarity index 100%
rename from src/sentry/migrations/0063_auto.py
rename to src/sentry/south_migrations/0063_auto.py
diff --git a/src/sentry/migrations/0064_index_checksum.py b/src/sentry/south_migrations/0064_index_checksum.py
similarity index 100%
rename from src/sentry/migrations/0064_index_checksum.py
rename to src/sentry/south_migrations/0064_index_checksum.py
diff --git a/src/sentry/migrations/0065_create_default_project_key.py b/src/sentry/south_migrations/0065_create_default_project_key.py
similarity index 100%
rename from src/sentry/migrations/0065_create_default_project_key.py
rename to src/sentry/south_migrations/0065_create_default_project_key.py
diff --git a/src/sentry/migrations/0066_auto__del_view.py b/src/sentry/south_migrations/0066_auto__del_view.py
similarity index 100%
rename from src/sentry/migrations/0066_auto__del_view.py
rename to src/sentry/south_migrations/0066_auto__del_view.py
diff --git a/src/sentry/migrations/0067_auto__add_field_group_platform__add_field_event_platform.py b/src/sentry/south_migrations/0067_auto__add_field_group_platform__add_field_event_platform.py
similarity index 100%
rename from src/sentry/migrations/0067_auto__add_field_group_platform__add_field_event_platform.py
rename to src/sentry/south_migrations/0067_auto__add_field_group_platform__add_field_event_platform.py
diff --git a/src/sentry/migrations/0068_auto__add_field_projectkey_user_added__add_field_projectkey_date_added.py b/src/sentry/south_migrations/0068_auto__add_field_projectkey_user_added__add_field_projectkey_date_added.py
similarity index 100%
rename from src/sentry/migrations/0068_auto__add_field_projectkey_user_added__add_field_projectkey_date_added.py
rename to src/sentry/south_migrations/0068_auto__add_field_projectkey_user_added__add_field_projectkey_date_added.py
diff --git a/src/sentry/migrations/0069_auto__add_lostpasswordhash.py b/src/sentry/south_migrations/0069_auto__add_lostpasswordhash.py
similarity index 100%
rename from src/sentry/migrations/0069_auto__add_lostpasswordhash.py
rename to src/sentry/south_migrations/0069_auto__add_lostpasswordhash.py
diff --git a/src/sentry/migrations/0070_projectoption_key_length.py b/src/sentry/south_migrations/0070_projectoption_key_length.py
similarity index 100%
rename from src/sentry/migrations/0070_projectoption_key_length.py
rename to src/sentry/south_migrations/0070_projectoption_key_length.py
diff --git a/src/sentry/migrations/0071_auto__add_field_group_users_seen.py b/src/sentry/south_migrations/0071_auto__add_field_group_users_seen.py
similarity index 100%
rename from src/sentry/migrations/0071_auto__add_field_group_users_seen.py
rename to src/sentry/south_migrations/0071_auto__add_field_group_users_seen.py
diff --git a/src/sentry/migrations/0072_auto__add_affecteduserbygroup__add_unique_affecteduserbygroup_project_.py b/src/sentry/south_migrations/0072_auto__add_affecteduserbygroup__add_unique_affecteduserbygroup_project_.py
similarity index 100%
rename from src/sentry/migrations/0072_auto__add_affecteduserbygroup__add_unique_affecteduserbygroup_project_.py
rename to src/sentry/south_migrations/0072_auto__add_affecteduserbygroup__add_unique_affecteduserbygroup_project_.py
diff --git a/src/sentry/migrations/0073_auto__add_field_project_platform.py b/src/sentry/south_migrations/0073_auto__add_field_project_platform.py
similarity index 100%
rename from src/sentry/migrations/0073_auto__add_field_project_platform.py
rename to src/sentry/south_migrations/0073_auto__add_field_project_platform.py
diff --git a/src/sentry/migrations/0074_correct_filtervalue_index.py b/src/sentry/south_migrations/0074_correct_filtervalue_index.py
similarity index 100%
rename from src/sentry/migrations/0074_correct_filtervalue_index.py
rename to src/sentry/south_migrations/0074_correct_filtervalue_index.py
diff --git a/src/sentry/migrations/0075_add_groupbookmark_index.py b/src/sentry/south_migrations/0075_add_groupbookmark_index.py
similarity index 100%
rename from src/sentry/migrations/0075_add_groupbookmark_index.py
rename to src/sentry/south_migrations/0075_add_groupbookmark_index.py
diff --git a/src/sentry/migrations/0076_add_groupmeta_index.py b/src/sentry/south_migrations/0076_add_groupmeta_index.py
similarity index 100%
rename from src/sentry/migrations/0076_add_groupmeta_index.py
rename to src/sentry/south_migrations/0076_add_groupmeta_index.py
diff --git a/src/sentry/migrations/0077_auto__add_trackeduser__add_unique_trackeduser_project_ident.py b/src/sentry/south_migrations/0077_auto__add_trackeduser__add_unique_trackeduser_project_ident.py
similarity index 100%
rename from src/sentry/migrations/0077_auto__add_trackeduser__add_unique_trackeduser_project_ident.py
rename to src/sentry/south_migrations/0077_auto__add_trackeduser__add_unique_trackeduser_project_ident.py
diff --git a/src/sentry/migrations/0078_auto__add_field_affecteduserbygroup_tuser.py b/src/sentry/south_migrations/0078_auto__add_field_affecteduserbygroup_tuser.py
similarity index 100%
rename from src/sentry/migrations/0078_auto__add_field_affecteduserbygroup_tuser.py
rename to src/sentry/south_migrations/0078_auto__add_field_affecteduserbygroup_tuser.py
diff --git a/src/sentry/migrations/0079_auto__del_unique_affecteduserbygroup_project_ident_group__add_unique_a.py b/src/sentry/south_migrations/0079_auto__del_unique_affecteduserbygroup_project_ident_group__add_unique_a.py
similarity index 100%
rename from src/sentry/migrations/0079_auto__del_unique_affecteduserbygroup_project_ident_group__add_unique_a.py
rename to src/sentry/south_migrations/0079_auto__del_unique_affecteduserbygroup_project_ident_group__add_unique_a.py
diff --git a/src/sentry/migrations/0080_auto__chg_field_affecteduserbygroup_ident.py b/src/sentry/south_migrations/0080_auto__chg_field_affecteduserbygroup_ident.py
similarity index 100%
rename from src/sentry/migrations/0080_auto__chg_field_affecteduserbygroup_ident.py
rename to src/sentry/south_migrations/0080_auto__chg_field_affecteduserbygroup_ident.py
diff --git a/src/sentry/migrations/0081_fill_trackeduser.py b/src/sentry/south_migrations/0081_fill_trackeduser.py
similarity index 100%
rename from src/sentry/migrations/0081_fill_trackeduser.py
rename to src/sentry/south_migrations/0081_fill_trackeduser.py
diff --git a/src/sentry/migrations/0082_auto__add_activity__add_field_group_num_comments__add_field_event_num_.py b/src/sentry/south_migrations/0082_auto__add_activity__add_field_group_num_comments__add_field_event_num_.py
similarity index 100%
rename from src/sentry/migrations/0082_auto__add_activity__add_field_group_num_comments__add_field_event_num_.py
rename to src/sentry/south_migrations/0082_auto__add_activity__add_field_group_num_comments__add_field_event_num_.py
diff --git a/src/sentry/migrations/0083_migrate_dupe_groups.py b/src/sentry/south_migrations/0083_migrate_dupe_groups.py
similarity index 100%
rename from src/sentry/migrations/0083_migrate_dupe_groups.py
rename to src/sentry/south_migrations/0083_migrate_dupe_groups.py
diff --git a/src/sentry/migrations/0084_auto__del_unique_group_project_checksum_logger_culprit__add_unique_gro.py b/src/sentry/south_migrations/0084_auto__del_unique_group_project_checksum_logger_culprit__add_unique_gro.py
similarity index 100%
rename from src/sentry/migrations/0084_auto__del_unique_group_project_checksum_logger_culprit__add_unique_gro.py
rename to src/sentry/south_migrations/0084_auto__del_unique_group_project_checksum_logger_culprit__add_unique_gro.py
diff --git a/src/sentry/migrations/0085_auto__del_unique_project_slug__add_unique_project_slug_team.py b/src/sentry/south_migrations/0085_auto__del_unique_project_slug__add_unique_project_slug_team.py
similarity index 100%
rename from src/sentry/migrations/0085_auto__del_unique_project_slug__add_unique_project_slug_team.py
rename to src/sentry/south_migrations/0085_auto__del_unique_project_slug__add_unique_project_slug_team.py
diff --git a/src/sentry/migrations/0086_auto__add_field_team_date_added.py b/src/sentry/south_migrations/0086_auto__add_field_team_date_added.py
similarity index 100%
rename from src/sentry/migrations/0086_auto__add_field_team_date_added.py
rename to src/sentry/south_migrations/0086_auto__add_field_team_date_added.py
diff --git a/src/sentry/migrations/0087_auto__del_messagefiltervalue__del_unique_messagefiltervalue_project_ke.py b/src/sentry/south_migrations/0087_auto__del_messagefiltervalue__del_unique_messagefiltervalue_project_ke.py
similarity index 100%
rename from src/sentry/migrations/0087_auto__del_messagefiltervalue__del_unique_messagefiltervalue_project_ke.py
rename to src/sentry/south_migrations/0087_auto__del_messagefiltervalue__del_unique_messagefiltervalue_project_ke.py
diff --git a/src/sentry/migrations/0088_auto__del_messagecountbyminute__del_unique_messagecountbyminute_projec.py b/src/sentry/south_migrations/0088_auto__del_messagecountbyminute__del_unique_messagecountbyminute_projec.py
similarity index 100%
rename from src/sentry/migrations/0088_auto__del_messagecountbyminute__del_unique_messagecountbyminute_projec.py
rename to src/sentry/south_migrations/0088_auto__del_messagecountbyminute__del_unique_messagecountbyminute_projec.py
diff --git a/src/sentry/migrations/0089_auto__add_accessgroup__add_unique_accessgroup_team_name.py b/src/sentry/south_migrations/0089_auto__add_accessgroup__add_unique_accessgroup_team_name.py
similarity index 100%
rename from src/sentry/migrations/0089_auto__add_accessgroup__add_unique_accessgroup_team_name.py
rename to src/sentry/south_migrations/0089_auto__add_accessgroup__add_unique_accessgroup_team_name.py
diff --git a/src/sentry/migrations/0090_auto__add_grouptagkey__add_unique_grouptagkey_project_group_key__add_f.py b/src/sentry/south_migrations/0090_auto__add_grouptagkey__add_unique_grouptagkey_project_group_key__add_f.py
similarity index 100%
rename from src/sentry/migrations/0090_auto__add_grouptagkey__add_unique_grouptagkey_project_group_key__add_f.py
rename to src/sentry/south_migrations/0090_auto__add_grouptagkey__add_unique_grouptagkey_project_group_key__add_f.py
diff --git a/src/sentry/migrations/0091_auto__add_alert.py b/src/sentry/south_migrations/0091_auto__add_alert.py
similarity index 100%
rename from src/sentry/migrations/0091_auto__add_alert.py
rename to src/sentry/south_migrations/0091_auto__add_alert.py
diff --git a/src/sentry/migrations/0092_auto__add_alertrelatedgroup__add_unique_alertrelatedgroup_group_alert.py b/src/sentry/south_migrations/0092_auto__add_alertrelatedgroup__add_unique_alertrelatedgroup_group_alert.py
similarity index 100%
rename from src/sentry/migrations/0092_auto__add_alertrelatedgroup__add_unique_alertrelatedgroup_group_alert.py
rename to src/sentry/south_migrations/0092_auto__add_alertrelatedgroup__add_unique_alertrelatedgroup_group_alert.py
diff --git a/src/sentry/migrations/0093_auto__add_field_alert_status.py b/src/sentry/south_migrations/0093_auto__add_field_alert_status.py
similarity index 100%
rename from src/sentry/migrations/0093_auto__add_field_alert_status.py
rename to src/sentry/south_migrations/0093_auto__add_field_alert_status.py
diff --git a/src/sentry/migrations/0094_auto__add_eventmapping__add_unique_eventmapping_project_event_id.py b/src/sentry/south_migrations/0094_auto__add_eventmapping__add_unique_eventmapping_project_event_id.py
similarity index 100%
rename from src/sentry/migrations/0094_auto__add_eventmapping__add_unique_eventmapping_project_event_id.py
rename to src/sentry/south_migrations/0094_auto__add_eventmapping__add_unique_eventmapping_project_event_id.py
diff --git a/src/sentry/migrations/0095_rebase.py b/src/sentry/south_migrations/0095_rebase.py
similarity index 100%
rename from src/sentry/migrations/0095_rebase.py
rename to src/sentry/south_migrations/0095_rebase.py
diff --git a/src/sentry/migrations/0096_auto__add_field_tagvalue_data.py b/src/sentry/south_migrations/0096_auto__add_field_tagvalue_data.py
similarity index 100%
rename from src/sentry/migrations/0096_auto__add_field_tagvalue_data.py
rename to src/sentry/south_migrations/0096_auto__add_field_tagvalue_data.py
diff --git a/src/sentry/migrations/0097_auto__del_affecteduserbygroup__del_unique_affecteduserbygroup_project_.py b/src/sentry/south_migrations/0097_auto__del_affecteduserbygroup__del_unique_affecteduserbygroup_project_.py
similarity index 100%
rename from src/sentry/migrations/0097_auto__del_affecteduserbygroup__del_unique_affecteduserbygroup_project_.py
rename to src/sentry/south_migrations/0097_auto__del_affecteduserbygroup__del_unique_affecteduserbygroup_project_.py
diff --git a/src/sentry/migrations/0098_auto__add_user__chg_field_team_owner__chg_field_activity_user__chg_fie.py b/src/sentry/south_migrations/0098_auto__add_user__chg_field_team_owner__chg_field_activity_user__chg_fie.py
similarity index 100%
rename from src/sentry/migrations/0098_auto__add_user__chg_field_team_owner__chg_field_activity_user__chg_fie.py
rename to src/sentry/south_migrations/0098_auto__add_user__chg_field_team_owner__chg_field_activity_user__chg_fie.py
diff --git a/src/sentry/migrations/0099_auto__del_field_teammember_is_active.py b/src/sentry/south_migrations/0099_auto__del_field_teammember_is_active.py
similarity index 100%
rename from src/sentry/migrations/0099_auto__del_field_teammember_is_active.py
rename to src/sentry/south_migrations/0099_auto__del_field_teammember_is_active.py
diff --git a/src/sentry/migrations/0100_auto__add_field_tagkey_label.py b/src/sentry/south_migrations/0100_auto__add_field_tagkey_label.py
similarity index 100%
rename from src/sentry/migrations/0100_auto__add_field_tagkey_label.py
rename to src/sentry/south_migrations/0100_auto__add_field_tagkey_label.py
diff --git a/src/sentry/migrations/0101_ensure_teams.py b/src/sentry/south_migrations/0101_ensure_teams.py
similarity index 100%
rename from src/sentry/migrations/0101_ensure_teams.py
rename to src/sentry/south_migrations/0101_ensure_teams.py
diff --git a/src/sentry/migrations/0102_ensure_slugs.py b/src/sentry/south_migrations/0102_ensure_slugs.py
similarity index 100%
rename from src/sentry/migrations/0102_ensure_slugs.py
rename to src/sentry/south_migrations/0102_ensure_slugs.py
diff --git a/src/sentry/migrations/0103_ensure_non_empty_slugs.py b/src/sentry/south_migrations/0103_ensure_non_empty_slugs.py
similarity index 100%
rename from src/sentry/migrations/0103_ensure_non_empty_slugs.py
rename to src/sentry/south_migrations/0103_ensure_non_empty_slugs.py
diff --git a/src/sentry/migrations/0104_auto__add_groupseen__add_unique_groupseen_group_user.py b/src/sentry/south_migrations/0104_auto__add_groupseen__add_unique_groupseen_group_user.py
similarity index 100%
rename from src/sentry/migrations/0104_auto__add_groupseen__add_unique_groupseen_group_user.py
rename to src/sentry/south_migrations/0104_auto__add_groupseen__add_unique_groupseen_group_user.py
diff --git a/src/sentry/migrations/0105_auto__chg_field_projectcountbyminute_time_spent_total__chg_field_group.py b/src/sentry/south_migrations/0105_auto__chg_field_projectcountbyminute_time_spent_total__chg_field_group.py
similarity index 100%
rename from src/sentry/migrations/0105_auto__chg_field_projectcountbyminute_time_spent_total__chg_field_group.py
rename to src/sentry/south_migrations/0105_auto__chg_field_projectcountbyminute_time_spent_total__chg_field_group.py
diff --git a/src/sentry/migrations/0106_auto__del_searchtoken__del_unique_searchtoken_document_field_token__de.py b/src/sentry/south_migrations/0106_auto__del_searchtoken__del_unique_searchtoken_document_field_token__de.py
similarity index 100%
rename from src/sentry/migrations/0106_auto__del_searchtoken__del_unique_searchtoken_document_field_token__de.py
rename to src/sentry/south_migrations/0106_auto__del_searchtoken__del_unique_searchtoken_document_field_token__de.py
diff --git a/src/sentry/migrations/0107_expand_user.py b/src/sentry/south_migrations/0107_expand_user.py
similarity index 100%
rename from src/sentry/migrations/0107_expand_user.py
rename to src/sentry/south_migrations/0107_expand_user.py
diff --git a/src/sentry/migrations/0108_fix_user.py b/src/sentry/south_migrations/0108_fix_user.py
similarity index 100%
rename from src/sentry/migrations/0108_fix_user.py
rename to src/sentry/south_migrations/0108_fix_user.py
diff --git a/src/sentry/migrations/0109_index_filtervalue_times_seen.py b/src/sentry/south_migrations/0109_index_filtervalue_times_seen.py
similarity index 100%
rename from src/sentry/migrations/0109_index_filtervalue_times_seen.py
rename to src/sentry/south_migrations/0109_index_filtervalue_times_seen.py
diff --git a/src/sentry/migrations/0110_index_filtervalue_last_seen.py b/src/sentry/south_migrations/0110_index_filtervalue_last_seen.py
similarity index 100%
rename from src/sentry/migrations/0110_index_filtervalue_last_seen.py
rename to src/sentry/south_migrations/0110_index_filtervalue_last_seen.py
diff --git a/src/sentry/migrations/0111_index_filtervalue_first_seen.py b/src/sentry/south_migrations/0111_index_filtervalue_first_seen.py
similarity index 100%
rename from src/sentry/migrations/0111_index_filtervalue_first_seen.py
rename to src/sentry/south_migrations/0111_index_filtervalue_first_seen.py
diff --git a/src/sentry/migrations/0112_auto__chg_field_option_value__chg_field_useroption_value__chg_field_pr.py b/src/sentry/south_migrations/0112_auto__chg_field_option_value__chg_field_useroption_value__chg_field_pr.py
similarity index 100%
rename from src/sentry/migrations/0112_auto__chg_field_option_value__chg_field_useroption_value__chg_field_pr.py
rename to src/sentry/south_migrations/0112_auto__chg_field_option_value__chg_field_useroption_value__chg_field_pr.py
diff --git a/src/sentry/migrations/0113_auto__add_field_team_status.py b/src/sentry/south_migrations/0113_auto__add_field_team_status.py
similarity index 100%
rename from src/sentry/migrations/0113_auto__add_field_team_status.py
rename to src/sentry/south_migrations/0113_auto__add_field_team_status.py
diff --git a/src/sentry/migrations/0114_auto__add_field_projectkey_roles.py b/src/sentry/south_migrations/0114_auto__add_field_projectkey_roles.py
similarity index 100%
rename from src/sentry/migrations/0114_auto__add_field_projectkey_roles.py
rename to src/sentry/south_migrations/0114_auto__add_field_projectkey_roles.py
diff --git a/src/sentry/migrations/0115_auto__del_projectcountbyminute__del_unique_projectcountbyminute_projec.py b/src/sentry/south_migrations/0115_auto__del_projectcountbyminute__del_unique_projectcountbyminute_projec.py
similarity index 100%
rename from src/sentry/migrations/0115_auto__del_projectcountbyminute__del_unique_projectcountbyminute_projec.py
rename to src/sentry/south_migrations/0115_auto__del_projectcountbyminute__del_unique_projectcountbyminute_projec.py
diff --git a/src/sentry/migrations/0116_auto__del_field_event_server_name__del_field_event_culprit__del_field_.py b/src/sentry/south_migrations/0116_auto__del_field_event_server_name__del_field_event_culprit__del_field_.py
similarity index 100%
rename from src/sentry/migrations/0116_auto__del_field_event_server_name__del_field_event_culprit__del_field_.py
rename to src/sentry/south_migrations/0116_auto__del_field_event_server_name__del_field_event_culprit__del_field_.py
diff --git a/src/sentry/migrations/0117_auto__add_rule.py b/src/sentry/south_migrations/0117_auto__add_rule.py
similarity index 100%
rename from src/sentry/migrations/0117_auto__add_rule.py
rename to src/sentry/south_migrations/0117_auto__add_rule.py
diff --git a/src/sentry/migrations/0118_create_default_rules.py b/src/sentry/south_migrations/0118_create_default_rules.py
similarity index 100%
rename from src/sentry/migrations/0118_create_default_rules.py
rename to src/sentry/south_migrations/0118_create_default_rules.py
diff --git a/src/sentry/migrations/0119_auto__add_field_projectkey_label.py b/src/sentry/south_migrations/0119_auto__add_field_projectkey_label.py
similarity index 100%
rename from src/sentry/migrations/0119_auto__add_field_projectkey_label.py
rename to src/sentry/south_migrations/0119_auto__add_field_projectkey_label.py
diff --git a/src/sentry/migrations/0120_auto__add_grouprulestatus.py b/src/sentry/south_migrations/0120_auto__add_grouprulestatus.py
similarity index 100%
rename from src/sentry/migrations/0120_auto__add_grouprulestatus.py
rename to src/sentry/south_migrations/0120_auto__add_grouprulestatus.py
diff --git a/src/sentry/migrations/0121_auto__add_unique_grouprulestatus_rule_group.py b/src/sentry/south_migrations/0121_auto__add_unique_grouprulestatus_rule_group.py
similarity index 100%
rename from src/sentry/migrations/0121_auto__add_unique_grouprulestatus_rule_group.py
rename to src/sentry/south_migrations/0121_auto__add_unique_grouprulestatus_rule_group.py
diff --git a/src/sentry/migrations/0122_add_event_group_id_datetime_index.py b/src/sentry/south_migrations/0122_add_event_group_id_datetime_index.py
similarity index 100%
rename from src/sentry/migrations/0122_add_event_group_id_datetime_index.py
rename to src/sentry/south_migrations/0122_add_event_group_id_datetime_index.py
diff --git a/src/sentry/migrations/0123_auto__add_groupassignee__add_index_event_group_datetime.py b/src/sentry/south_migrations/0123_auto__add_groupassignee__add_index_event_group_datetime.py
similarity index 100%
rename from src/sentry/migrations/0123_auto__add_groupassignee__add_index_event_group_datetime.py
rename to src/sentry/south_migrations/0123_auto__add_groupassignee__add_index_event_group_datetime.py
diff --git a/src/sentry/migrations/0124_auto__add_grouphash__add_unique_grouphash_project_hash.py b/src/sentry/south_migrations/0124_auto__add_grouphash__add_unique_grouphash_project_hash.py
similarity index 100%
rename from src/sentry/migrations/0124_auto__add_grouphash__add_unique_grouphash_project_hash.py
rename to src/sentry/south_migrations/0124_auto__add_grouphash__add_unique_grouphash_project_hash.py
diff --git a/src/sentry/migrations/0125_auto__add_field_user_is_managed.py b/src/sentry/south_migrations/0125_auto__add_field_user_is_managed.py
similarity index 100%
rename from src/sentry/migrations/0125_auto__add_field_user_is_managed.py
rename to src/sentry/south_migrations/0125_auto__add_field_user_is_managed.py
diff --git a/src/sentry/migrations/0126_auto__add_field_option_last_updated.py b/src/sentry/south_migrations/0126_auto__add_field_option_last_updated.py
similarity index 100%
rename from src/sentry/migrations/0126_auto__add_field_option_last_updated.py
rename to src/sentry/south_migrations/0126_auto__add_field_option_last_updated.py
diff --git a/src/sentry/migrations/0127_auto__add_release__add_unique_release_project_version.py b/src/sentry/south_migrations/0127_auto__add_release__add_unique_release_project_version.py
similarity index 100%
rename from src/sentry/migrations/0127_auto__add_release__add_unique_release_project_version.py
rename to src/sentry/south_migrations/0127_auto__add_release__add_unique_release_project_version.py
diff --git a/src/sentry/migrations/0128_auto__add_broadcast.py b/src/sentry/south_migrations/0128_auto__add_broadcast.py
similarity index 100%
rename from src/sentry/migrations/0128_auto__add_broadcast.py
rename to src/sentry/south_migrations/0128_auto__add_broadcast.py
diff --git a/src/sentry/migrations/0129_auto__chg_field_release_id__chg_field_pendingteammember_id__chg_field_.py b/src/sentry/south_migrations/0129_auto__chg_field_release_id__chg_field_pendingteammember_id__chg_field_.py
similarity index 100%
rename from src/sentry/migrations/0129_auto__chg_field_release_id__chg_field_pendingteammember_id__chg_field_.py
rename to src/sentry/south_migrations/0129_auto__chg_field_release_id__chg_field_pendingteammember_id__chg_field_.py
diff --git a/src/sentry/migrations/0130_auto__del_field_project_owner.py b/src/sentry/south_migrations/0130_auto__del_field_project_owner.py
similarity index 100%
rename from src/sentry/migrations/0130_auto__del_field_project_owner.py
rename to src/sentry/south_migrations/0130_auto__del_field_project_owner.py
diff --git a/src/sentry/migrations/0131_auto__add_organizationmember__add_unique_organizationmember_organizati.py b/src/sentry/south_migrations/0131_auto__add_organizationmember__add_unique_organizationmember_organizati.py
similarity index 100%
rename from src/sentry/migrations/0131_auto__add_organizationmember__add_unique_organizationmember_organizati.py
rename to src/sentry/south_migrations/0131_auto__add_organizationmember__add_unique_organizationmember_organizati.py
diff --git a/src/sentry/migrations/0132_add_default_orgs.py b/src/sentry/south_migrations/0132_add_default_orgs.py
similarity index 100%
rename from src/sentry/migrations/0132_add_default_orgs.py
rename to src/sentry/south_migrations/0132_add_default_orgs.py
diff --git a/src/sentry/migrations/0133_add_org_members.py b/src/sentry/south_migrations/0133_add_org_members.py
similarity index 100%
rename from src/sentry/migrations/0133_add_org_members.py
rename to src/sentry/south_migrations/0133_add_org_members.py
diff --git a/src/sentry/migrations/0134_auto__chg_field_team_organization.py b/src/sentry/south_migrations/0134_auto__chg_field_team_organization.py
similarity index 100%
rename from src/sentry/migrations/0134_auto__chg_field_team_organization.py
rename to src/sentry/south_migrations/0134_auto__chg_field_team_organization.py
diff --git a/src/sentry/migrations/0135_auto__chg_field_project_team.py b/src/sentry/south_migrations/0135_auto__chg_field_project_team.py
similarity index 100%
rename from src/sentry/migrations/0135_auto__chg_field_project_team.py
rename to src/sentry/south_migrations/0135_auto__chg_field_project_team.py
diff --git a/src/sentry/migrations/0136_auto__add_field_organizationmember_email__chg_field_organizationmember.py b/src/sentry/south_migrations/0136_auto__add_field_organizationmember_email__chg_field_organizationmember.py
similarity index 100%
rename from src/sentry/migrations/0136_auto__add_field_organizationmember_email__chg_field_organizationmember.py
rename to src/sentry/south_migrations/0136_auto__add_field_organizationmember_email__chg_field_organizationmember.py
diff --git a/src/sentry/migrations/0137_auto__add_field_organizationmember_has_global_access.py b/src/sentry/south_migrations/0137_auto__add_field_organizationmember_has_global_access.py
similarity index 100%
rename from src/sentry/migrations/0137_auto__add_field_organizationmember_has_global_access.py
rename to src/sentry/south_migrations/0137_auto__add_field_organizationmember_has_global_access.py
diff --git a/src/sentry/migrations/0138_migrate_team_members.py b/src/sentry/south_migrations/0138_migrate_team_members.py
similarity index 100%
rename from src/sentry/migrations/0138_migrate_team_members.py
rename to src/sentry/south_migrations/0138_migrate_team_members.py
diff --git a/src/sentry/migrations/0139_auto__add_auditlogentry.py b/src/sentry/south_migrations/0139_auto__add_auditlogentry.py
similarity index 100%
rename from src/sentry/migrations/0139_auto__add_auditlogentry.py
rename to src/sentry/south_migrations/0139_auto__add_auditlogentry.py
diff --git a/src/sentry/migrations/0140_auto__add_field_organization_slug.py b/src/sentry/south_migrations/0140_auto__add_field_organization_slug.py
similarity index 100%
rename from src/sentry/migrations/0140_auto__add_field_organization_slug.py
rename to src/sentry/south_migrations/0140_auto__add_field_organization_slug.py
diff --git a/src/sentry/migrations/0141_fill_org_slugs.py b/src/sentry/south_migrations/0141_fill_org_slugs.py
similarity index 100%
rename from src/sentry/migrations/0141_fill_org_slugs.py
rename to src/sentry/south_migrations/0141_fill_org_slugs.py
diff --git a/src/sentry/migrations/0142_auto__add_field_project_organization__add_unique_project_organization_.py b/src/sentry/south_migrations/0142_auto__add_field_project_organization__add_unique_project_organization_.py
similarity index 100%
rename from src/sentry/migrations/0142_auto__add_field_project_organization__add_unique_project_organization_.py
rename to src/sentry/south_migrations/0142_auto__add_field_project_organization__add_unique_project_organization_.py
diff --git a/src/sentry/migrations/0143_fill_project_orgs.py b/src/sentry/south_migrations/0143_fill_project_orgs.py
similarity index 100%
rename from src/sentry/migrations/0143_fill_project_orgs.py
rename to src/sentry/south_migrations/0143_fill_project_orgs.py
diff --git a/src/sentry/migrations/0144_auto__chg_field_project_organization.py b/src/sentry/south_migrations/0144_auto__chg_field_project_organization.py
similarity index 100%
rename from src/sentry/migrations/0144_auto__chg_field_project_organization.py
rename to src/sentry/south_migrations/0144_auto__chg_field_project_organization.py
diff --git a/src/sentry/migrations/0145_auto__chg_field_organization_slug.py b/src/sentry/south_migrations/0145_auto__chg_field_organization_slug.py
similarity index 100%
rename from src/sentry/migrations/0145_auto__chg_field_organization_slug.py
rename to src/sentry/south_migrations/0145_auto__chg_field_organization_slug.py
diff --git a/src/sentry/migrations/0146_auto__add_field_auditlogentry_ip_address.py b/src/sentry/south_migrations/0146_auto__add_field_auditlogentry_ip_address.py
similarity index 100%
rename from src/sentry/migrations/0146_auto__add_field_auditlogentry_ip_address.py
rename to src/sentry/south_migrations/0146_auto__add_field_auditlogentry_ip_address.py
diff --git a/src/sentry/migrations/0147_auto__del_unique_team_slug__add_unique_team_organization_slug.py b/src/sentry/south_migrations/0147_auto__del_unique_team_slug__add_unique_team_organization_slug.py
similarity index 100%
rename from src/sentry/migrations/0147_auto__del_unique_team_slug__add_unique_team_organization_slug.py
rename to src/sentry/south_migrations/0147_auto__del_unique_team_slug__add_unique_team_organization_slug.py
diff --git a/src/sentry/migrations/0148_auto__add_helppage.py b/src/sentry/south_migrations/0148_auto__add_helppage.py
similarity index 100%
rename from src/sentry/migrations/0148_auto__add_helppage.py
rename to src/sentry/south_migrations/0148_auto__add_helppage.py
diff --git a/src/sentry/migrations/0149_auto__chg_field_groupseen_project__chg_field_groupseen_user__chg_field.py b/src/sentry/south_migrations/0149_auto__chg_field_groupseen_project__chg_field_groupseen_user__chg_field.py
similarity index 100%
rename from src/sentry/migrations/0149_auto__chg_field_groupseen_project__chg_field_groupseen_user__chg_field.py
rename to src/sentry/south_migrations/0149_auto__chg_field_groupseen_project__chg_field_groupseen_user__chg_field.py
diff --git a/src/sentry/migrations/0150_fix_broken_rules.py b/src/sentry/south_migrations/0150_fix_broken_rules.py
similarity index 100%
rename from src/sentry/migrations/0150_fix_broken_rules.py
rename to src/sentry/south_migrations/0150_fix_broken_rules.py
diff --git a/src/sentry/migrations/0151_auto__add_file.py b/src/sentry/south_migrations/0151_auto__add_file.py
similarity index 100%
rename from src/sentry/migrations/0151_auto__add_file.py
rename to src/sentry/south_migrations/0151_auto__add_file.py
diff --git a/src/sentry/migrations/0152_auto__add_field_file_checksum__chg_field_file_name__add_unique_file_na.py b/src/sentry/south_migrations/0152_auto__add_field_file_checksum__chg_field_file_name__add_unique_file_na.py
similarity index 100%
rename from src/sentry/migrations/0152_auto__add_field_file_checksum__chg_field_file_name__add_unique_file_na.py
rename to src/sentry/south_migrations/0152_auto__add_field_file_checksum__chg_field_file_name__add_unique_file_na.py
diff --git a/src/sentry/migrations/0153_auto__add_field_grouprulestatus_last_active.py b/src/sentry/south_migrations/0153_auto__add_field_grouprulestatus_last_active.py
similarity index 100%
rename from src/sentry/migrations/0153_auto__add_field_grouprulestatus_last_active.py
rename to src/sentry/south_migrations/0153_auto__add_field_grouprulestatus_last_active.py
diff --git a/src/sentry/migrations/0154_auto__add_field_tagkey_status.py b/src/sentry/south_migrations/0154_auto__add_field_tagkey_status.py
similarity index 100%
rename from src/sentry/migrations/0154_auto__add_field_tagkey_status.py
rename to src/sentry/south_migrations/0154_auto__add_field_tagkey_status.py
diff --git a/src/sentry/migrations/0155_auto__add_field_projectkey_status.py b/src/sentry/south_migrations/0155_auto__add_field_projectkey_status.py
similarity index 100%
rename from src/sentry/migrations/0155_auto__add_field_projectkey_status.py
rename to src/sentry/south_migrations/0155_auto__add_field_projectkey_status.py
diff --git a/src/sentry/migrations/0156_auto__add_apikey.py b/src/sentry/south_migrations/0156_auto__add_apikey.py
similarity index 100%
rename from src/sentry/migrations/0156_auto__add_apikey.py
rename to src/sentry/south_migrations/0156_auto__add_apikey.py
diff --git a/src/sentry/migrations/0157_auto__add_authidentity__add_unique_authidentity_auth_provider_ident__a.py b/src/sentry/south_migrations/0157_auto__add_authidentity__add_unique_authidentity_auth_provider_ident__a.py
similarity index 100%
rename from src/sentry/migrations/0157_auto__add_authidentity__add_unique_authidentity_auth_provider_ident__a.py
rename to src/sentry/south_migrations/0157_auto__add_authidentity__add_unique_authidentity_auth_provider_ident__a.py
diff --git a/src/sentry/migrations/0158_auto__add_unique_authidentity_auth_provider_user.py b/src/sentry/south_migrations/0158_auto__add_unique_authidentity_auth_provider_user.py
similarity index 100%
rename from src/sentry/migrations/0158_auto__add_unique_authidentity_auth_provider_user.py
rename to src/sentry/south_migrations/0158_auto__add_unique_authidentity_auth_provider_user.py
diff --git a/src/sentry/migrations/0159_auto__add_field_authidentity_last_verified__add_field_organizationmemb.py b/src/sentry/south_migrations/0159_auto__add_field_authidentity_last_verified__add_field_organizationmemb.py
similarity index 100%
rename from src/sentry/migrations/0159_auto__add_field_authidentity_last_verified__add_field_organizationmemb.py
rename to src/sentry/south_migrations/0159_auto__add_field_authidentity_last_verified__add_field_organizationmemb.py
diff --git a/src/sentry/migrations/0160_auto__add_field_authprovider_default_global_access.py b/src/sentry/south_migrations/0160_auto__add_field_authprovider_default_global_access.py
similarity index 100%
rename from src/sentry/migrations/0160_auto__add_field_authprovider_default_global_access.py
rename to src/sentry/south_migrations/0160_auto__add_field_authprovider_default_global_access.py
diff --git a/src/sentry/migrations/0161_auto__chg_field_authprovider_config.py b/src/sentry/south_migrations/0161_auto__chg_field_authprovider_config.py
similarity index 100%
rename from src/sentry/migrations/0161_auto__chg_field_authprovider_config.py
rename to src/sentry/south_migrations/0161_auto__chg_field_authprovider_config.py
diff --git a/src/sentry/migrations/0162_auto__chg_field_authidentity_data.py b/src/sentry/south_migrations/0162_auto__chg_field_authidentity_data.py
similarity index 100%
rename from src/sentry/migrations/0162_auto__chg_field_authidentity_data.py
rename to src/sentry/south_migrations/0162_auto__chg_field_authidentity_data.py
diff --git a/src/sentry/migrations/0163_auto__add_field_authidentity_last_synced.py b/src/sentry/south_migrations/0163_auto__add_field_authidentity_last_synced.py
similarity index 100%
rename from src/sentry/migrations/0163_auto__add_field_authidentity_last_synced.py
rename to src/sentry/south_migrations/0163_auto__add_field_authidentity_last_synced.py
diff --git a/src/sentry/migrations/0164_auto__add_releasefile__add_unique_releasefile_release_ident__add_field.py b/src/sentry/south_migrations/0164_auto__add_releasefile__add_unique_releasefile_release_ident__add_field.py
similarity index 100%
rename from src/sentry/migrations/0164_auto__add_releasefile__add_unique_releasefile_release_ident__add_field.py
rename to src/sentry/south_migrations/0164_auto__add_releasefile__add_unique_releasefile_release_ident__add_field.py
diff --git a/src/sentry/migrations/0165_auto__del_unique_file_name_checksum.py b/src/sentry/south_migrations/0165_auto__del_unique_file_name_checksum.py
similarity index 100%
rename from src/sentry/migrations/0165_auto__del_unique_file_name_checksum.py
rename to src/sentry/south_migrations/0165_auto__del_unique_file_name_checksum.py
diff --git a/src/sentry/migrations/0166_auto__chg_field_user_id__add_field_apikey_allowed_origins.py b/src/sentry/south_migrations/0166_auto__chg_field_user_id__add_field_apikey_allowed_origins.py
similarity index 100%
rename from src/sentry/migrations/0166_auto__chg_field_user_id__add_field_apikey_allowed_origins.py
rename to src/sentry/south_migrations/0166_auto__chg_field_user_id__add_field_apikey_allowed_origins.py
diff --git a/src/sentry/migrations/0167_auto__add_field_authprovider_flags.py b/src/sentry/south_migrations/0167_auto__add_field_authprovider_flags.py
similarity index 100%
rename from src/sentry/migrations/0167_auto__add_field_authprovider_flags.py
rename to src/sentry/south_migrations/0167_auto__add_field_authprovider_flags.py
diff --git a/src/sentry/migrations/0168_unfill_projectkey_user.py b/src/sentry/south_migrations/0168_unfill_projectkey_user.py
similarity index 100%
rename from src/sentry/migrations/0168_unfill_projectkey_user.py
rename to src/sentry/south_migrations/0168_unfill_projectkey_user.py
diff --git a/src/sentry/migrations/0169_auto__del_field_projectkey_user.py b/src/sentry/south_migrations/0169_auto__del_field_projectkey_user.py
similarity index 100%
rename from src/sentry/migrations/0169_auto__del_field_projectkey_user.py
rename to src/sentry/south_migrations/0169_auto__del_field_projectkey_user.py
diff --git a/src/sentry/migrations/0170_auto__add_organizationmemberteam__add_unique_organizationmemberteam_te.py b/src/sentry/south_migrations/0170_auto__add_organizationmemberteam__add_unique_organizationmemberteam_te.py
similarity index 100%
rename from src/sentry/migrations/0170_auto__add_organizationmemberteam__add_unique_organizationmemberteam_te.py
rename to src/sentry/south_migrations/0170_auto__add_organizationmemberteam__add_unique_organizationmemberteam_te.py
diff --git a/src/sentry/migrations/0171_auto__chg_field_team_owner.py b/src/sentry/south_migrations/0171_auto__chg_field_team_owner.py
similarity index 100%
rename from src/sentry/migrations/0171_auto__chg_field_team_owner.py
rename to src/sentry/south_migrations/0171_auto__chg_field_team_owner.py
diff --git a/src/sentry/migrations/0172_auto__del_field_team_owner.py b/src/sentry/south_migrations/0172_auto__del_field_team_owner.py
similarity index 100%
rename from src/sentry/migrations/0172_auto__del_field_team_owner.py
rename to src/sentry/south_migrations/0172_auto__del_field_team_owner.py
diff --git a/src/sentry/migrations/0173_auto__del_teammember__del_unique_teammember_team_user.py b/src/sentry/south_migrations/0173_auto__del_teammember__del_unique_teammember_team_user.py
similarity index 100%
rename from src/sentry/migrations/0173_auto__del_teammember__del_unique_teammember_team_user.py
rename to src/sentry/south_migrations/0173_auto__del_teammember__del_unique_teammember_team_user.py
diff --git a/src/sentry/migrations/0174_auto__del_field_projectkey_user_added.py b/src/sentry/south_migrations/0174_auto__del_field_projectkey_user_added.py
similarity index 100%
rename from src/sentry/migrations/0174_auto__del_field_projectkey_user_added.py
rename to src/sentry/south_migrations/0174_auto__del_field_projectkey_user_added.py
diff --git a/src/sentry/migrations/0175_auto__del_pendingteammember__del_unique_pendingteammember_team_email.py b/src/sentry/south_migrations/0175_auto__del_pendingteammember__del_unique_pendingteammember_team_email.py
similarity index 100%
rename from src/sentry/migrations/0175_auto__del_pendingteammember__del_unique_pendingteammember_team_email.py
rename to src/sentry/south_migrations/0175_auto__del_pendingteammember__del_unique_pendingteammember_team_email.py
diff --git a/src/sentry/migrations/0176_auto__add_field_organizationmember_counter__add_unique_organizationmem.py b/src/sentry/south_migrations/0176_auto__add_field_organizationmember_counter__add_unique_organizationmem.py
similarity index 100%
rename from src/sentry/migrations/0176_auto__add_field_organizationmember_counter__add_unique_organizationmem.py
rename to src/sentry/south_migrations/0176_auto__add_field_organizationmember_counter__add_unique_organizationmem.py
diff --git a/src/sentry/migrations/0177_fill_member_counters.py b/src/sentry/south_migrations/0177_fill_member_counters.py
similarity index 100%
rename from src/sentry/migrations/0177_fill_member_counters.py
rename to src/sentry/south_migrations/0177_fill_member_counters.py
diff --git a/src/sentry/migrations/0178_auto__del_unique_organizationmember_organization_counter.py b/src/sentry/south_migrations/0178_auto__del_unique_organizationmember_organization_counter.py
similarity index 100%
rename from src/sentry/migrations/0178_auto__del_unique_organizationmember_organization_counter.py
rename to src/sentry/south_migrations/0178_auto__del_unique_organizationmember_organization_counter.py
diff --git a/src/sentry/migrations/0179_auto__add_field_release_date_released.py b/src/sentry/south_migrations/0179_auto__add_field_release_date_released.py
similarity index 100%
rename from src/sentry/migrations/0179_auto__add_field_release_date_released.py
rename to src/sentry/south_migrations/0179_auto__add_field_release_date_released.py
diff --git a/src/sentry/migrations/0180_auto__add_field_release_environment__add_field_release_ref__add_field_.py b/src/sentry/south_migrations/0180_auto__add_field_release_environment__add_field_release_ref__add_field_.py
similarity index 100%
rename from src/sentry/migrations/0180_auto__add_field_release_environment__add_field_release_ref__add_field_.py
rename to src/sentry/south_migrations/0180_auto__add_field_release_environment__add_field_release_ref__add_field_.py
diff --git a/src/sentry/migrations/0181_auto__del_field_release_environment__del_unique_release_project_versio.py b/src/sentry/south_migrations/0181_auto__del_field_release_environment__del_unique_release_project_versio.py
similarity index 100%
rename from src/sentry/migrations/0181_auto__del_field_release_environment__del_unique_release_project_versio.py
rename to src/sentry/south_migrations/0181_auto__del_field_release_environment__del_unique_release_project_versio.py
diff --git a/src/sentry/migrations/0182_auto__add_field_auditlogentry_actor_label__add_field_auditlogentry_act.py b/src/sentry/south_migrations/0182_auto__add_field_auditlogentry_actor_label__add_field_auditlogentry_act.py
similarity index 100%
rename from src/sentry/migrations/0182_auto__add_field_auditlogentry_actor_label__add_field_auditlogentry_act.py
rename to src/sentry/south_migrations/0182_auto__add_field_auditlogentry_actor_label__add_field_auditlogentry_act.py
diff --git a/src/sentry/migrations/0183_auto__del_index_grouphash_hash.py b/src/sentry/south_migrations/0183_auto__del_index_grouphash_hash.py
similarity index 100%
rename from src/sentry/migrations/0183_auto__del_index_grouphash_hash.py
rename to src/sentry/south_migrations/0183_auto__del_index_grouphash_hash.py
diff --git a/src/sentry/migrations/0184_auto__del_field_group_checksum__del_unique_group_project_checksum__del.py b/src/sentry/south_migrations/0184_auto__del_field_group_checksum__del_unique_group_project_checksum__del.py
similarity index 100%
rename from src/sentry/migrations/0184_auto__del_field_group_checksum__del_unique_group_project_checksum__del.py
rename to src/sentry/south_migrations/0184_auto__del_field_group_checksum__del_unique_group_project_checksum__del.py
diff --git a/src/sentry/migrations/0185_auto__add_savedsearch__add_unique_savedsearch_project_name.py b/src/sentry/south_migrations/0185_auto__add_savedsearch__add_unique_savedsearch_project_name.py
similarity index 100%
rename from src/sentry/migrations/0185_auto__add_savedsearch__add_unique_savedsearch_project_name.py
rename to src/sentry/south_migrations/0185_auto__add_savedsearch__add_unique_savedsearch_project_name.py
diff --git a/src/sentry/migrations/0186_auto__add_field_group_first_release.py b/src/sentry/south_migrations/0186_auto__add_field_group_first_release.py
similarity index 100%
rename from src/sentry/migrations/0186_auto__add_field_group_first_release.py
rename to src/sentry/south_migrations/0186_auto__add_field_group_first_release.py
diff --git a/src/sentry/migrations/0187_auto__add_index_group_project_first_release.py b/src/sentry/south_migrations/0187_auto__add_index_group_project_first_release.py
similarity index 100%
rename from src/sentry/migrations/0187_auto__add_index_group_project_first_release.py
rename to src/sentry/south_migrations/0187_auto__add_index_group_project_first_release.py
diff --git a/src/sentry/migrations/0188_auto__add_userreport.py b/src/sentry/south_migrations/0188_auto__add_userreport.py
similarity index 100%
rename from src/sentry/migrations/0188_auto__add_userreport.py
rename to src/sentry/south_migrations/0188_auto__add_userreport.py
diff --git a/src/sentry/migrations/0189_auto__add_index_userreport_project_event_id.py b/src/sentry/south_migrations/0189_auto__add_index_userreport_project_event_id.py
similarity index 100%
rename from src/sentry/migrations/0189_auto__add_index_userreport_project_event_id.py
rename to src/sentry/south_migrations/0189_auto__add_index_userreport_project_event_id.py
diff --git a/src/sentry/migrations/0190_auto__add_field_release_new_groups.py b/src/sentry/south_migrations/0190_auto__add_field_release_new_groups.py
similarity index 100%
rename from src/sentry/migrations/0190_auto__add_field_release_new_groups.py
rename to src/sentry/south_migrations/0190_auto__add_field_release_new_groups.py
diff --git a/src/sentry/migrations/0191_auto__del_alert__del_alertrelatedgroup__del_unique_alertrelatedgroup_g.py b/src/sentry/south_migrations/0191_auto__del_alert__del_alertrelatedgroup__del_unique_alertrelatedgroup_g.py
similarity index 100%
rename from src/sentry/migrations/0191_auto__del_alert__del_alertrelatedgroup__del_unique_alertrelatedgroup_g.py
rename to src/sentry/south_migrations/0191_auto__del_alert__del_alertrelatedgroup__del_unique_alertrelatedgroup_g.py
diff --git a/src/sentry/migrations/0192_add_model_groupemailthread.py b/src/sentry/south_migrations/0192_add_model_groupemailthread.py
similarity index 100%
rename from src/sentry/migrations/0192_add_model_groupemailthread.py
rename to src/sentry/south_migrations/0192_add_model_groupemailthread.py
diff --git a/src/sentry/migrations/0193_auto__del_unique_groupemailthread_msgid__add_unique_groupemailthread_e.py b/src/sentry/south_migrations/0193_auto__del_unique_groupemailthread_msgid__add_unique_groupemailthread_e.py
similarity index 100%
rename from src/sentry/migrations/0193_auto__del_unique_groupemailthread_msgid__add_unique_groupemailthread_e.py
rename to src/sentry/south_migrations/0193_auto__del_unique_groupemailthread_msgid__add_unique_groupemailthread_e.py
diff --git a/src/sentry/migrations/0194_auto__del_field_project_platform.py b/src/sentry/south_migrations/0194_auto__del_field_project_platform.py
similarity index 100%
rename from src/sentry/migrations/0194_auto__del_field_project_platform.py
rename to src/sentry/south_migrations/0194_auto__del_field_project_platform.py
diff --git a/src/sentry/migrations/0195_auto__chg_field_organization_owner.py b/src/sentry/south_migrations/0195_auto__chg_field_organization_owner.py
similarity index 100%
rename from src/sentry/migrations/0195_auto__chg_field_organization_owner.py
rename to src/sentry/south_migrations/0195_auto__chg_field_organization_owner.py
diff --git a/src/sentry/migrations/0196_auto__del_field_organization_owner.py b/src/sentry/south_migrations/0196_auto__del_field_organization_owner.py
similarity index 100%
rename from src/sentry/migrations/0196_auto__del_field_organization_owner.py
rename to src/sentry/south_migrations/0196_auto__del_field_organization_owner.py
diff --git a/src/sentry/migrations/0197_auto__del_accessgroup__del_unique_accessgroup_team_name.py b/src/sentry/south_migrations/0197_auto__del_accessgroup__del_unique_accessgroup_team_name.py
similarity index 100%
rename from src/sentry/migrations/0197_auto__del_accessgroup__del_unique_accessgroup_team_name.py
rename to src/sentry/south_migrations/0197_auto__del_accessgroup__del_unique_accessgroup_team_name.py
diff --git a/src/sentry/migrations/0198_auto__add_field_release_primary_owner.py b/src/sentry/south_migrations/0198_auto__add_field_release_primary_owner.py
similarity index 100%
rename from src/sentry/migrations/0198_auto__add_field_release_primary_owner.py
rename to src/sentry/south_migrations/0198_auto__add_field_release_primary_owner.py
diff --git a/src/sentry/migrations/0199_auto__add_field_project_first_event.py b/src/sentry/south_migrations/0199_auto__add_field_project_first_event.py
similarity index 100%
rename from src/sentry/migrations/0199_auto__add_field_project_first_event.py
rename to src/sentry/south_migrations/0199_auto__add_field_project_first_event.py
diff --git a/src/sentry/migrations/0200_backfill_first_event.py b/src/sentry/south_migrations/0200_backfill_first_event.py
similarity index 100%
rename from src/sentry/migrations/0200_backfill_first_event.py
rename to src/sentry/south_migrations/0200_backfill_first_event.py
diff --git a/src/sentry/migrations/0201_auto__add_eventuser__add_unique_eventuser_project_ident__add_index_eve.py b/src/sentry/south_migrations/0201_auto__add_eventuser__add_unique_eventuser_project_ident__add_index_eve.py
similarity index 100%
rename from src/sentry/migrations/0201_auto__add_eventuser__add_unique_eventuser_project_ident__add_index_eve.py
rename to src/sentry/south_migrations/0201_auto__add_eventuser__add_unique_eventuser_project_ident__add_index_eve.py
diff --git a/src/sentry/migrations/0202_auto__add_field_eventuser_hash__add_unique_eventuser_project_hash.py b/src/sentry/south_migrations/0202_auto__add_field_eventuser_hash__add_unique_eventuser_project_hash.py
similarity index 100%
rename from src/sentry/migrations/0202_auto__add_field_eventuser_hash__add_unique_eventuser_project_hash.py
rename to src/sentry/south_migrations/0202_auto__add_field_eventuser_hash__add_unique_eventuser_project_hash.py
diff --git a/src/sentry/migrations/0203_auto__chg_field_eventuser_username__chg_field_eventuser_ident.py b/src/sentry/south_migrations/0203_auto__chg_field_eventuser_username__chg_field_eventuser_ident.py
similarity index 100%
rename from src/sentry/migrations/0203_auto__chg_field_eventuser_username__chg_field_eventuser_ident.py
rename to src/sentry/south_migrations/0203_auto__chg_field_eventuser_username__chg_field_eventuser_ident.py
diff --git a/src/sentry/migrations/0204_backfill_team_membership.py b/src/sentry/south_migrations/0204_backfill_team_membership.py
similarity index 100%
rename from src/sentry/migrations/0204_backfill_team_membership.py
rename to src/sentry/south_migrations/0204_backfill_team_membership.py
diff --git a/src/sentry/migrations/0205_auto__add_field_organizationmember_role.py b/src/sentry/south_migrations/0205_auto__add_field_organizationmember_role.py
similarity index 100%
rename from src/sentry/migrations/0205_auto__add_field_organizationmember_role.py
rename to src/sentry/south_migrations/0205_auto__add_field_organizationmember_role.py
diff --git a/src/sentry/migrations/0206_backfill_member_role.py b/src/sentry/south_migrations/0206_backfill_member_role.py
similarity index 100%
rename from src/sentry/migrations/0206_backfill_member_role.py
rename to src/sentry/south_migrations/0206_backfill_member_role.py
diff --git a/src/sentry/migrations/0207_auto__add_field_organization_default_role.py b/src/sentry/south_migrations/0207_auto__add_field_organization_default_role.py
similarity index 100%
rename from src/sentry/migrations/0207_auto__add_field_organization_default_role.py
rename to src/sentry/south_migrations/0207_auto__add_field_organization_default_role.py
diff --git a/src/sentry/migrations/0208_backfill_default_role.py b/src/sentry/south_migrations/0208_backfill_default_role.py
similarity index 100%
rename from src/sentry/migrations/0208_backfill_default_role.py
rename to src/sentry/south_migrations/0208_backfill_default_role.py
diff --git a/src/sentry/migrations/0209_auto__add_broadcastseen__add_unique_broadcastseen_broadcast_user.py b/src/sentry/south_migrations/0209_auto__add_broadcastseen__add_unique_broadcastseen_broadcast_user.py
similarity index 100%
rename from src/sentry/migrations/0209_auto__add_broadcastseen__add_unique_broadcastseen_broadcast_user.py
rename to src/sentry/south_migrations/0209_auto__add_broadcastseen__add_unique_broadcastseen_broadcast_user.py
diff --git a/src/sentry/migrations/0210_auto__del_field_broadcast_badge.py b/src/sentry/south_migrations/0210_auto__del_field_broadcast_badge.py
similarity index 100%
rename from src/sentry/migrations/0210_auto__del_field_broadcast_badge.py
rename to src/sentry/south_migrations/0210_auto__del_field_broadcast_badge.py
diff --git a/src/sentry/migrations/0211_auto__add_field_broadcast_title.py b/src/sentry/south_migrations/0211_auto__add_field_broadcast_title.py
similarity index 100%
rename from src/sentry/migrations/0211_auto__add_field_broadcast_title.py
rename to src/sentry/south_migrations/0211_auto__add_field_broadcast_title.py
diff --git a/src/sentry/migrations/0212_auto__add_fileblob__add_field_file_blob.py b/src/sentry/south_migrations/0212_auto__add_fileblob__add_field_file_blob.py
similarity index 100%
rename from src/sentry/migrations/0212_auto__add_fileblob__add_field_file_blob.py
rename to src/sentry/south_migrations/0212_auto__add_fileblob__add_field_file_blob.py
diff --git a/src/sentry/migrations/0212_auto__add_organizationoption__add_unique_organizationoption_organizati.py b/src/sentry/south_migrations/0212_auto__add_organizationoption__add_unique_organizationoption_organizati.py
similarity index 100%
rename from src/sentry/migrations/0212_auto__add_organizationoption__add_unique_organizationoption_organizati.py
rename to src/sentry/south_migrations/0212_auto__add_organizationoption__add_unique_organizationoption_organizati.py
diff --git a/src/sentry/migrations/0213_migrate_file_blobs.py b/src/sentry/south_migrations/0213_migrate_file_blobs.py
similarity index 100%
rename from src/sentry/migrations/0213_migrate_file_blobs.py
rename to src/sentry/south_migrations/0213_migrate_file_blobs.py
diff --git a/src/sentry/migrations/0214_auto__add_field_broadcast_upstream_id.py b/src/sentry/south_migrations/0214_auto__add_field_broadcast_upstream_id.py
similarity index 100%
rename from src/sentry/migrations/0214_auto__add_field_broadcast_upstream_id.py
rename to src/sentry/south_migrations/0214_auto__add_field_broadcast_upstream_id.py
diff --git a/src/sentry/migrations/0215_auto__add_field_broadcast_date_expires.py b/src/sentry/south_migrations/0215_auto__add_field_broadcast_date_expires.py
similarity index 100%
rename from src/sentry/migrations/0215_auto__add_field_broadcast_date_expires.py
rename to src/sentry/south_migrations/0215_auto__add_field_broadcast_date_expires.py
diff --git a/src/sentry/migrations/0216_auto__add_groupsnooze.py b/src/sentry/south_migrations/0216_auto__add_groupsnooze.py
similarity index 100%
rename from src/sentry/migrations/0216_auto__add_groupsnooze.py
rename to src/sentry/south_migrations/0216_auto__add_groupsnooze.py
diff --git a/src/sentry/migrations/0217_auto__add_groupresolution.py b/src/sentry/south_migrations/0217_auto__add_groupresolution.py
similarity index 100%
rename from src/sentry/migrations/0217_auto__add_groupresolution.py
rename to src/sentry/south_migrations/0217_auto__add_groupresolution.py
diff --git a/src/sentry/migrations/0218_auto__add_field_groupresolution_status.py b/src/sentry/south_migrations/0218_auto__add_field_groupresolution_status.py
similarity index 100%
rename from src/sentry/migrations/0218_auto__add_field_groupresolution_status.py
rename to src/sentry/south_migrations/0218_auto__add_field_groupresolution_status.py
diff --git a/src/sentry/migrations/0219_auto__add_field_groupbookmark_date_added.py b/src/sentry/south_migrations/0219_auto__add_field_groupbookmark_date_added.py
similarity index 100%
rename from src/sentry/migrations/0219_auto__add_field_groupbookmark_date_added.py
rename to src/sentry/south_migrations/0219_auto__add_field_groupbookmark_date_added.py
diff --git a/src/sentry/migrations/0220_auto__del_field_fileblob_storage_options__del_field_fileblob_storage__.py b/src/sentry/south_migrations/0220_auto__del_field_fileblob_storage_options__del_field_fileblob_storage__.py
similarity index 100%
rename from src/sentry/migrations/0220_auto__del_field_fileblob_storage_options__del_field_fileblob_storage__.py
rename to src/sentry/south_migrations/0220_auto__del_field_fileblob_storage_options__del_field_fileblob_storage__.py
diff --git a/src/sentry/migrations/0221_auto__chg_field_user_first_name.py b/src/sentry/south_migrations/0221_auto__chg_field_user_first_name.py
similarity index 100%
rename from src/sentry/migrations/0221_auto__chg_field_user_first_name.py
rename to src/sentry/south_migrations/0221_auto__chg_field_user_first_name.py
diff --git a/src/sentry/migrations/0222_auto__del_field_user_last_name__del_field_user_first_name__add_field_u.py b/src/sentry/south_migrations/0222_auto__del_field_user_last_name__del_field_user_first_name__add_field_u.py
similarity index 100%
rename from src/sentry/migrations/0222_auto__del_field_user_last_name__del_field_user_first_name__add_field_u.py
rename to src/sentry/south_migrations/0222_auto__del_field_user_last_name__del_field_user_first_name__add_field_u.py
diff --git a/src/sentry/migrations/0223_delete_old_sentry_docs_options.py b/src/sentry/south_migrations/0223_delete_old_sentry_docs_options.py
similarity index 100%
rename from src/sentry/migrations/0223_delete_old_sentry_docs_options.py
rename to src/sentry/south_migrations/0223_delete_old_sentry_docs_options.py
diff --git a/src/sentry/migrations/0224_auto__add_index_userreport_project_date_added.py b/src/sentry/south_migrations/0224_auto__add_index_userreport_project_date_added.py
similarity index 100%
rename from src/sentry/migrations/0224_auto__add_index_userreport_project_date_added.py
rename to src/sentry/south_migrations/0224_auto__add_index_userreport_project_date_added.py
diff --git a/src/sentry/migrations/0225_auto__add_fileblobindex__add_unique_fileblobindex_file_blob_offset.py b/src/sentry/south_migrations/0225_auto__add_fileblobindex__add_unique_fileblobindex_file_blob_offset.py
similarity index 100%
rename from src/sentry/migrations/0225_auto__add_fileblobindex__add_unique_fileblobindex_file_blob_offset.py
rename to src/sentry/south_migrations/0225_auto__add_fileblobindex__add_unique_fileblobindex_file_blob_offset.py
diff --git a/src/sentry/migrations/0226_backfill_file_size.py b/src/sentry/south_migrations/0226_backfill_file_size.py
similarity index 100%
rename from src/sentry/migrations/0226_backfill_file_size.py
rename to src/sentry/south_migrations/0226_backfill_file_size.py
diff --git a/src/sentry/migrations/0227_auto__del_field_activity_event.py b/src/sentry/south_migrations/0227_auto__del_field_activity_event.py
similarity index 100%
rename from src/sentry/migrations/0227_auto__del_field_activity_event.py
rename to src/sentry/south_migrations/0227_auto__del_field_activity_event.py
diff --git a/src/sentry/migrations/0228_auto__del_field_event_num_comments.py b/src/sentry/south_migrations/0228_auto__del_field_event_num_comments.py
similarity index 100%
rename from src/sentry/migrations/0228_auto__del_field_event_num_comments.py
rename to src/sentry/south_migrations/0228_auto__del_field_event_num_comments.py
diff --git a/src/sentry/migrations/0229_drop_event_constraints.py b/src/sentry/south_migrations/0229_drop_event_constraints.py
similarity index 100%
rename from src/sentry/migrations/0229_drop_event_constraints.py
rename to src/sentry/south_migrations/0229_drop_event_constraints.py
diff --git a/src/sentry/migrations/0230_auto__del_field_eventmapping_group__del_field_eventmapping_project__ad.py b/src/sentry/south_migrations/0230_auto__del_field_eventmapping_group__del_field_eventmapping_project__ad.py
similarity index 100%
rename from src/sentry/migrations/0230_auto__del_field_eventmapping_group__del_field_eventmapping_project__ad.py
rename to src/sentry/south_migrations/0230_auto__del_field_eventmapping_group__del_field_eventmapping_project__ad.py
diff --git a/src/sentry/migrations/0231_auto__add_field_savedsearch_is_default.py b/src/sentry/south_migrations/0231_auto__add_field_savedsearch_is_default.py
similarity index 100%
rename from src/sentry/migrations/0231_auto__add_field_savedsearch_is_default.py
rename to src/sentry/south_migrations/0231_auto__add_field_savedsearch_is_default.py
diff --git a/src/sentry/migrations/0232_default_savedsearch.py b/src/sentry/south_migrations/0232_default_savedsearch.py
similarity index 100%
rename from src/sentry/migrations/0232_default_savedsearch.py
rename to src/sentry/south_migrations/0232_default_savedsearch.py
diff --git a/src/sentry/migrations/0233_add_new_savedsearch.py b/src/sentry/south_migrations/0233_add_new_savedsearch.py
similarity index 100%
rename from src/sentry/migrations/0233_add_new_savedsearch.py
rename to src/sentry/south_migrations/0233_add_new_savedsearch.py
diff --git a/src/sentry/migrations/0234_auto__add_savedsearchuserdefault__add_unique_savedsearchuserdefault_pr.py b/src/sentry/south_migrations/0234_auto__add_savedsearchuserdefault__add_unique_savedsearchuserdefault_pr.py
similarity index 100%
rename from src/sentry/migrations/0234_auto__add_savedsearchuserdefault__add_unique_savedsearchuserdefault_pr.py
rename to src/sentry/south_migrations/0234_auto__add_savedsearchuserdefault__add_unique_savedsearchuserdefault_pr.py
diff --git a/src/sentry/migrations/0235_auto__add_projectbookmark__add_unique_projectbookmark_project_id_user_.py b/src/sentry/south_migrations/0235_auto__add_projectbookmark__add_unique_projectbookmark_project_id_user_.py
similarity index 100%
rename from src/sentry/migrations/0235_auto__add_projectbookmark__add_unique_projectbookmark_project_id_user_.py
rename to src/sentry/south_migrations/0235_auto__add_projectbookmark__add_unique_projectbookmark_project_id_user_.py
diff --git a/src/sentry/migrations/0236_auto__add_organizationonboardingtask__add_unique_organizationonboardin.py b/src/sentry/south_migrations/0236_auto__add_organizationonboardingtask__add_unique_organizationonboardin.py
similarity index 100%
rename from src/sentry/migrations/0236_auto__add_organizationonboardingtask__add_unique_organizationonboardin.py
rename to src/sentry/south_migrations/0236_auto__add_organizationonboardingtask__add_unique_organizationonboardin.py
diff --git a/src/sentry/migrations/0237_auto__add_eventtag__add_unique_eventtag_event_id_key_id_value_id.py b/src/sentry/south_migrations/0237_auto__add_eventtag__add_unique_eventtag_event_id_key_id_value_id.py
similarity index 100%
rename from src/sentry/migrations/0237_auto__add_eventtag__add_unique_eventtag_event_id_key_id_value_id.py
rename to src/sentry/south_migrations/0237_auto__add_eventtag__add_unique_eventtag_event_id_key_id_value_id.py
diff --git a/src/sentry/migrations/0238_fill_org_onboarding_tasks.py b/src/sentry/south_migrations/0238_fill_org_onboarding_tasks.py
similarity index 100%
rename from src/sentry/migrations/0238_fill_org_onboarding_tasks.py
rename to src/sentry/south_migrations/0238_fill_org_onboarding_tasks.py
diff --git a/src/sentry/migrations/0239_auto__add_projectdsymfile__add_unique_projectdsymfile_project_uuid__ad.py b/src/sentry/south_migrations/0239_auto__add_projectdsymfile__add_unique_projectdsymfile_project_uuid__ad.py
similarity index 100%
rename from src/sentry/migrations/0239_auto__add_projectdsymfile__add_unique_projectdsymfile_project_uuid__ad.py
rename to src/sentry/south_migrations/0239_auto__add_projectdsymfile__add_unique_projectdsymfile_project_uuid__ad.py
diff --git a/src/sentry/migrations/0240_fill_onboarding_option.py b/src/sentry/south_migrations/0240_fill_onboarding_option.py
similarity index 100%
rename from src/sentry/migrations/0240_fill_onboarding_option.py
rename to src/sentry/south_migrations/0240_fill_onboarding_option.py
diff --git a/src/sentry/migrations/0241_auto__add_counter__add_unique_counter_project_ident__add_field_group_s.py b/src/sentry/south_migrations/0241_auto__add_counter__add_unique_counter_project_ident__add_field_group_s.py
similarity index 100%
rename from src/sentry/migrations/0241_auto__add_counter__add_unique_counter_project_ident__add_field_group_s.py
rename to src/sentry/south_migrations/0241_auto__add_counter__add_unique_counter_project_ident__add_field_group_s.py
diff --git a/src/sentry/migrations/0242_auto__add_field_project_forced_color.py b/src/sentry/south_migrations/0242_auto__add_field_project_forced_color.py
similarity index 100%
rename from src/sentry/migrations/0242_auto__add_field_project_forced_color.py
rename to src/sentry/south_migrations/0242_auto__add_field_project_forced_color.py
diff --git a/src/sentry/migrations/0243_remove_inactive_members.py b/src/sentry/south_migrations/0243_remove_inactive_members.py
similarity index 100%
rename from src/sentry/migrations/0243_remove_inactive_members.py
rename to src/sentry/south_migrations/0243_remove_inactive_members.py
diff --git a/src/sentry/migrations/0244_auto__add_groupredirect.py b/src/sentry/south_migrations/0244_auto__add_groupredirect.py
similarity index 100%
rename from src/sentry/migrations/0244_auto__add_groupredirect.py
rename to src/sentry/south_migrations/0244_auto__add_groupredirect.py
diff --git a/src/sentry/migrations/0245_auto__del_field_project_callsign__del_unique_project_organization_call.py b/src/sentry/south_migrations/0245_auto__del_field_project_callsign__del_unique_project_organization_call.py
similarity index 100%
rename from src/sentry/migrations/0245_auto__del_field_project_callsign__del_unique_project_organization_call.py
rename to src/sentry/south_migrations/0245_auto__del_field_project_callsign__del_unique_project_organization_call.py
diff --git a/src/sentry/migrations/0246_auto__add_dsymsymbol__add_unique_dsymsymbol_object_address__add_dsymsd.py b/src/sentry/south_migrations/0246_auto__add_dsymsymbol__add_unique_dsymsymbol_object_address__add_dsymsd.py
similarity index 100%
rename from src/sentry/migrations/0246_auto__add_dsymsymbol__add_unique_dsymsymbol_object_address__add_dsymsd.py
rename to src/sentry/south_migrations/0246_auto__add_dsymsymbol__add_unique_dsymsymbol_object_address__add_dsymsd.py
diff --git a/src/sentry/migrations/0247_migrate_file_blobs.py b/src/sentry/south_migrations/0247_migrate_file_blobs.py
similarity index 100%
rename from src/sentry/migrations/0247_migrate_file_blobs.py
rename to src/sentry/south_migrations/0247_migrate_file_blobs.py
diff --git a/src/sentry/migrations/0248_auto__add_projectplatform__add_unique_projectplatform_project_id_platf.py b/src/sentry/south_migrations/0248_auto__add_projectplatform__add_unique_projectplatform_project_id_platf.py
similarity index 100%
rename from src/sentry/migrations/0248_auto__add_projectplatform__add_unique_projectplatform_project_id_platf.py
rename to src/sentry/south_migrations/0248_auto__add_projectplatform__add_unique_projectplatform_project_id_platf.py
diff --git a/src/sentry/migrations/0249_auto__add_index_eventtag_project_id_key_id_value_id.py b/src/sentry/south_migrations/0249_auto__add_index_eventtag_project_id_key_id_value_id.py
similarity index 100%
rename from src/sentry/migrations/0249_auto__add_index_eventtag_project_id_key_id_value_id.py
rename to src/sentry/south_migrations/0249_auto__add_index_eventtag_project_id_key_id_value_id.py
diff --git a/src/sentry/migrations/0250_auto__add_unique_userreport_project_event_id.py b/src/sentry/south_migrations/0250_auto__add_unique_userreport_project_event_id.py
similarity index 100%
rename from src/sentry/migrations/0250_auto__add_unique_userreport_project_event_id.py
rename to src/sentry/south_migrations/0250_auto__add_unique_userreport_project_event_id.py
diff --git a/src/sentry/search/migrations/__init__.py b/src/sentry/south_migrations/__init__.py
similarity index 100%
rename from src/sentry/search/migrations/__init__.py
rename to src/sentry/south_migrations/__init__.py
