commit f71614596be8726054b47529118d9b7bce310c28
Author: Matt Robenolt <matt@ydekproductions.com>
Date:   Mon Aug 29 14:52:55 2016 -0700

    Move /register/ -> /auth/register/ (#4028)

diff --git a/src/sentry/web/urls.py b/src/sentry/web/urls.py
index 818678a02f..7e3b44f3f3 100644
--- a/src/sentry/web/urls.py
+++ b/src/sentry/web/urls.py
@@ -223,12 +223,12 @@ urlpatterns += patterns(
         name='sentry-logout'),
     url(r'^auth/reactivate/$', ReactivateAccountView.as_view(),
         name='sentry-reactivate-account'),
+    url(r'^auth/register/$', AuthLoginView.as_view(),
+        name='sentry-register'),
 
     # Account
     url(r'^login-redirect/$', accounts.login_redirect,
         name='sentry-login-redirect'),
-    url(r'^register/$', AuthLoginView.as_view(),
-        name='sentry-register'),
     url(r'^account/sudo/$', SudoView.as_view(), name='sentry-sudo'),
     url(r'^account/confirm-email/$', accounts.start_confirm_email,
         name='sentry-account-confirm-email-send'),
