commit de9c82b1e67ba5f162cf589b791fec432e1f4f64
Author: byron <byron@plot.ly>
Date:   Tue May 7 15:57:43 2019 -0400

    :truck: dash-renderer moves, tests not adapted

diff --git a/.gitignore b/.gitignore
index a457f358..96fde544 100644
--- a/.gitignore
+++ b/.gitignore
@@ -1,29 +1,67 @@
-*.pyc
 *.ipynb_notebooks
 *.ipynb
+
 ignore
-*~
-venv
+*.csv
+*.log
+.DS_Store
+
+# Environments
+.env
+.venv
+env/
+venv/
+ENV/
+env.bak/
+venv.bak/
+
+# IDE
+.idea/*
+.vscode/*
+
+# Byte-compiled / optimized / DLL files
+__pycache__/
+*.py[cod]
+*$py.class
+.mypy_cache/
+
+# Unit test / coverage reports
+htmlcov/
+.tox/
+.nox/
+.coverage
+.coverage.*
+.cache
+nosetests.xml
+coverage.xml
+*.cover
+.hypothesis/
+.pytest_cache/
+
+# Distribution / packaging
+.Python
 build/
+develop-eggs/
 dist/
+downloads/
+eggs/
+.eggs/
 lib/
+lib64/
+parts/
+sdist/
+var/
+wheels/
+pip-wheel-metadata/
+share/python-wheels/
+*.egg-info/
+.installed.cfg
+*.egg
+MANIFEST
 node_modules/
 .npm
-vv/
-venv/
-*.log
-.DS_Store
-dist
-*egg-info*
 npm-debug*
-/.tox
-.idea
+
 dash_renderer/bundle.js
 dash_renderer/bundle.js.map
-simple*
-/.tox
 
-*.csv
-.idea/*
-.vscode/*
-.mypy_cache/
diff --git a/dash-0.39.0rc1.tar.gz b/bundles/dash-0.39.0rc1.tar.gz
similarity index 100%
rename from dash-0.39.0rc1.tar.gz
rename to bundles/dash-0.39.0rc1.tar.gz
diff --git a/dash_core_components-0.44.0rc1.tar.gz b/bundles/dash_core_components-0.44.0rc1.tar.gz
similarity index 100%
rename from dash_core_components-0.44.0rc1.tar.gz
rename to bundles/dash_core_components-0.44.0rc1.tar.gz
diff --git a/dash_html_components-0.14.0rc1.tar.gz b/bundles/dash_html_components-0.14.0rc1.tar.gz
similarity index 100%
rename from dash_html_components-0.14.0rc1.tar.gz
rename to bundles/dash_html_components-0.14.0rc1.tar.gz
diff --git a/.babelrc b/dash-renderer/.babelrc
similarity index 100%
rename from .babelrc
rename to dash-renderer/.babelrc
diff --git a/.eslintignore b/dash-renderer/.eslintignore
similarity index 100%
rename from .eslintignore
rename to dash-renderer/.eslintignore
diff --git a/.eslintrc.json b/dash-renderer/.eslintrc.json
similarity index 100%
rename from .eslintrc.json
rename to dash-renderer/.eslintrc.json
diff --git a/.npmignore b/dash-renderer/.npmignore
similarity index 100%
rename from .npmignore
rename to dash-renderer/.npmignore
diff --git a/.prettierrc b/dash-renderer/.prettierrc
similarity index 100%
rename from .prettierrc
rename to dash-renderer/.prettierrc
diff --git a/CHANGELOG.md b/dash-renderer/CHANGELOG.md
similarity index 100%
rename from CHANGELOG.md
rename to dash-renderer/CHANGELOG.md
diff --git a/MANIFEST.in b/dash-renderer/MANIFEST.in
similarity index 100%
rename from MANIFEST.in
rename to dash-renderer/MANIFEST.in
diff --git a/README.md b/dash-renderer/README.md
similarity index 100%
rename from README.md
rename to dash-renderer/README.md
diff --git a/config/eslint/eslintrc-node.json b/dash-renderer/config/eslint/eslintrc-node.json
similarity index 100%
rename from config/eslint/eslintrc-node.json
rename to dash-renderer/config/eslint/eslintrc-node.json
diff --git a/index.html b/dash-renderer/index.html
similarity index 100%
rename from index.html
rename to dash-renderer/index.html
diff --git a/package-lock.json b/dash-renderer/package-lock.json
similarity index 100%
rename from package-lock.json
rename to dash-renderer/package-lock.json
diff --git a/package.json b/dash-renderer/package.json
similarity index 100%
rename from package.json
rename to dash-renderer/package.json
diff --git a/setup.py b/dash-renderer/setup.py
similarity index 100%
rename from setup.py
rename to dash-renderer/setup.py
diff --git a/src/APIController.react.js b/dash-renderer/src/APIController.react.js
similarity index 100%
rename from src/APIController.react.js
rename to dash-renderer/src/APIController.react.js
diff --git a/src/AccessDenied.react.js b/dash-renderer/src/AccessDenied.react.js
similarity index 100%
rename from src/AccessDenied.react.js
rename to dash-renderer/src/AccessDenied.react.js
diff --git a/src/AppContainer.react.js b/dash-renderer/src/AppContainer.react.js
similarity index 100%
rename from src/AppContainer.react.js
rename to dash-renderer/src/AppContainer.react.js
diff --git a/src/AppProvider.react.js b/dash-renderer/src/AppProvider.react.js
similarity index 100%
rename from src/AppProvider.react.js
rename to dash-renderer/src/AppProvider.react.js
diff --git a/src/DashRenderer.js b/dash-renderer/src/DashRenderer.js
similarity index 100%
rename from src/DashRenderer.js
rename to dash-renderer/src/DashRenderer.js
diff --git a/src/TreeContainer.js b/dash-renderer/src/TreeContainer.js
similarity index 100%
rename from src/TreeContainer.js
rename to dash-renderer/src/TreeContainer.js
diff --git a/src/actions/api.js b/dash-renderer/src/actions/api.js
similarity index 100%
rename from src/actions/api.js
rename to dash-renderer/src/actions/api.js
diff --git a/src/actions/constants.js b/dash-renderer/src/actions/constants.js
similarity index 100%
rename from src/actions/constants.js
rename to dash-renderer/src/actions/constants.js
diff --git a/src/actions/index.js b/dash-renderer/src/actions/index.js
similarity index 100%
rename from src/actions/index.js
rename to dash-renderer/src/actions/index.js
diff --git a/src/components/core/DocumentTitle.react.js b/dash-renderer/src/components/core/DocumentTitle.react.js
similarity index 100%
rename from src/components/core/DocumentTitle.react.js
rename to dash-renderer/src/components/core/DocumentTitle.react.js
diff --git a/src/components/core/Loading.react.js b/dash-renderer/src/components/core/Loading.react.js
similarity index 100%
rename from src/components/core/Loading.react.js
rename to dash-renderer/src/components/core/Loading.react.js
diff --git a/src/components/core/Reloader.react.js b/dash-renderer/src/components/core/Reloader.react.js
similarity index 100%
rename from src/components/core/Reloader.react.js
rename to dash-renderer/src/components/core/Reloader.react.js
diff --git a/src/components/core/Toolbar.react.js b/dash-renderer/src/components/core/Toolbar.react.js
similarity index 100%
rename from src/components/core/Toolbar.react.js
rename to dash-renderer/src/components/core/Toolbar.react.js
diff --git a/src/components/error/CallbackGraph/CallbackGraphContainer.css b/dash-renderer/src/components/error/CallbackGraph/CallbackGraphContainer.css
similarity index 100%
rename from src/components/error/CallbackGraph/CallbackGraphContainer.css
rename to dash-renderer/src/components/error/CallbackGraph/CallbackGraphContainer.css
diff --git a/src/components/error/CallbackGraph/CallbackGraphContainer.react.js b/dash-renderer/src/components/error/CallbackGraph/CallbackGraphContainer.react.js
similarity index 100%
rename from src/components/error/CallbackGraph/CallbackGraphContainer.react.js
rename to dash-renderer/src/components/error/CallbackGraph/CallbackGraphContainer.react.js
diff --git a/src/components/error/ComponentErrorBoundary.react.js b/dash-renderer/src/components/error/ComponentErrorBoundary.react.js
similarity index 100%
rename from src/components/error/ComponentErrorBoundary.react.js
rename to dash-renderer/src/components/error/ComponentErrorBoundary.react.js
diff --git a/src/components/error/FrontEnd/FrontEndError.css b/dash-renderer/src/components/error/FrontEnd/FrontEndError.css
similarity index 100%
rename from src/components/error/FrontEnd/FrontEndError.css
rename to dash-renderer/src/components/error/FrontEnd/FrontEndError.css
diff --git a/src/components/error/FrontEnd/FrontEndError.react.js b/dash-renderer/src/components/error/FrontEnd/FrontEndError.react.js
similarity index 100%
rename from src/components/error/FrontEnd/FrontEndError.react.js
rename to dash-renderer/src/components/error/FrontEnd/FrontEndError.react.js
diff --git a/src/components/error/FrontEnd/FrontEndErrorContainer.react.js b/dash-renderer/src/components/error/FrontEnd/FrontEndErrorContainer.react.js
similarity index 100%
rename from src/components/error/FrontEnd/FrontEndErrorContainer.react.js
rename to dash-renderer/src/components/error/FrontEnd/FrontEndErrorContainer.react.js
diff --git a/src/components/error/GlobalErrorContainer.react.js b/dash-renderer/src/components/error/GlobalErrorContainer.react.js
similarity index 100%
rename from src/components/error/GlobalErrorContainer.react.js
rename to dash-renderer/src/components/error/GlobalErrorContainer.react.js
diff --git a/src/components/error/GlobalErrorContainerPassthrough.react.js b/dash-renderer/src/components/error/GlobalErrorContainerPassthrough.react.js
similarity index 100%
rename from src/components/error/GlobalErrorContainerPassthrough.react.js
rename to dash-renderer/src/components/error/GlobalErrorContainerPassthrough.react.js
diff --git a/src/components/error/GlobalErrorOverlay.css b/dash-renderer/src/components/error/GlobalErrorOverlay.css
similarity index 100%
rename from src/components/error/GlobalErrorOverlay.css
rename to dash-renderer/src/components/error/GlobalErrorOverlay.css
diff --git a/src/components/error/GlobalErrorOverlay.react.js b/dash-renderer/src/components/error/GlobalErrorOverlay.react.js
similarity index 100%
rename from src/components/error/GlobalErrorOverlay.react.js
rename to dash-renderer/src/components/error/GlobalErrorOverlay.react.js
diff --git a/src/components/error/Percy.css b/dash-renderer/src/components/error/Percy.css
similarity index 100%
rename from src/components/error/Percy.css
rename to dash-renderer/src/components/error/Percy.css
diff --git a/src/components/error/icons/BellIcon.svg b/dash-renderer/src/components/error/icons/BellIcon.svg
similarity index 100%
rename from src/components/error/icons/BellIcon.svg
rename to dash-renderer/src/components/error/icons/BellIcon.svg
diff --git a/src/components/error/icons/BellIconGrey.svg b/dash-renderer/src/components/error/icons/BellIconGrey.svg
similarity index 100%
rename from src/components/error/icons/BellIconGrey.svg
rename to dash-renderer/src/components/error/icons/BellIconGrey.svg
diff --git a/src/components/error/icons/CloseIcon.svg b/dash-renderer/src/components/error/icons/CloseIcon.svg
similarity index 100%
rename from src/components/error/icons/CloseIcon.svg
rename to dash-renderer/src/components/error/icons/CloseIcon.svg
diff --git a/src/components/error/icons/CollapseIcon.svg b/dash-renderer/src/components/error/icons/CollapseIcon.svg
similarity index 100%
rename from src/components/error/icons/CollapseIcon.svg
rename to dash-renderer/src/components/error/icons/CollapseIcon.svg
diff --git a/src/components/error/icons/DebugIcon.svg b/dash-renderer/src/components/error/icons/DebugIcon.svg
similarity index 100%
rename from src/components/error/icons/DebugIcon.svg
rename to dash-renderer/src/components/error/icons/DebugIcon.svg
diff --git a/src/components/error/icons/ErrorIconWhite.svg b/dash-renderer/src/components/error/icons/ErrorIconWhite.svg
similarity index 100%
rename from src/components/error/icons/ErrorIconWhite.svg
rename to dash-renderer/src/components/error/icons/ErrorIconWhite.svg
diff --git a/src/components/error/icons/GraphIcon.svg b/dash-renderer/src/components/error/icons/GraphIcon.svg
similarity index 100%
rename from src/components/error/icons/GraphIcon.svg
rename to dash-renderer/src/components/error/icons/GraphIcon.svg
diff --git a/src/components/error/icons/GraphIconGrey.svg b/dash-renderer/src/components/error/icons/GraphIconGrey.svg
similarity index 100%
rename from src/components/error/icons/GraphIconGrey.svg
rename to dash-renderer/src/components/error/icons/GraphIconGrey.svg
diff --git a/src/components/error/icons/LeftArrow.svg b/dash-renderer/src/components/error/icons/LeftArrow.svg
similarity index 100%
rename from src/components/error/icons/LeftArrow.svg
rename to dash-renderer/src/components/error/icons/LeftArrow.svg
diff --git a/src/components/error/icons/ReloadIcon.svg b/dash-renderer/src/components/error/icons/ReloadIcon.svg
similarity index 100%
rename from src/components/error/icons/ReloadIcon.svg
rename to dash-renderer/src/components/error/icons/ReloadIcon.svg
diff --git a/src/components/error/icons/RightArrow.svg b/dash-renderer/src/components/error/icons/RightArrow.svg
similarity index 100%
rename from src/components/error/icons/RightArrow.svg
rename to dash-renderer/src/components/error/icons/RightArrow.svg
diff --git a/src/components/error/icons/WarningIconWhite.svg b/dash-renderer/src/components/error/icons/WarningIconWhite.svg
similarity index 100%
rename from src/components/error/icons/WarningIconWhite.svg
rename to dash-renderer/src/components/error/icons/WarningIconWhite.svg
diff --git a/src/components/error/icons/WhiteCloseIcon.svg b/dash-renderer/src/components/error/icons/WhiteCloseIcon.svg
similarity index 100%
rename from src/components/error/icons/WhiteCloseIcon.svg
rename to dash-renderer/src/components/error/icons/WhiteCloseIcon.svg
diff --git a/src/components/error/menu/DebugAlertContainer.css b/dash-renderer/src/components/error/menu/DebugAlertContainer.css
similarity index 100%
rename from src/components/error/menu/DebugAlertContainer.css
rename to dash-renderer/src/components/error/menu/DebugAlertContainer.css
diff --git a/src/components/error/menu/DebugAlertContainer.react.js b/dash-renderer/src/components/error/menu/DebugAlertContainer.react.js
similarity index 100%
rename from src/components/error/menu/DebugAlertContainer.react.js
rename to dash-renderer/src/components/error/menu/DebugAlertContainer.react.js
diff --git a/src/components/error/menu/DebugMenu.css b/dash-renderer/src/components/error/menu/DebugMenu.css
similarity index 100%
rename from src/components/error/menu/DebugMenu.css
rename to dash-renderer/src/components/error/menu/DebugMenu.css
diff --git a/src/components/error/menu/DebugMenu.react.js b/dash-renderer/src/components/error/menu/DebugMenu.react.js
similarity index 100%
rename from src/components/error/menu/DebugMenu.react.js
rename to dash-renderer/src/components/error/menu/DebugMenu.react.js
diff --git a/src/components/error/werkzeug.css.txt b/dash-renderer/src/components/error/werkzeug.css.txt
similarity index 100%
rename from src/components/error/werkzeug.css.txt
rename to dash-renderer/src/components/error/werkzeug.css.txt
diff --git a/src/constants/constants.js b/dash-renderer/src/constants/constants.js
similarity index 100%
rename from src/constants/constants.js
rename to dash-renderer/src/constants/constants.js
diff --git a/src/exceptions.js b/dash-renderer/src/exceptions.js
similarity index 100%
rename from src/exceptions.js
rename to dash-renderer/src/exceptions.js
diff --git a/src/index.js b/dash-renderer/src/index.js
similarity index 100%
rename from src/index.js
rename to dash-renderer/src/index.js
diff --git a/src/reducers/api.js b/dash-renderer/src/reducers/api.js
similarity index 100%
rename from src/reducers/api.js
rename to dash-renderer/src/reducers/api.js
diff --git a/src/reducers/appLifecycle.js b/dash-renderer/src/reducers/appLifecycle.js
similarity index 100%
rename from src/reducers/appLifecycle.js
rename to dash-renderer/src/reducers/appLifecycle.js
diff --git a/src/reducers/config.js b/dash-renderer/src/reducers/config.js
similarity index 100%
rename from src/reducers/config.js
rename to dash-renderer/src/reducers/config.js
diff --git a/src/reducers/constants.js b/dash-renderer/src/reducers/constants.js
similarity index 100%
rename from src/reducers/constants.js
rename to dash-renderer/src/reducers/constants.js
diff --git a/src/reducers/dependencyGraph.js b/dash-renderer/src/reducers/dependencyGraph.js
similarity index 100%
rename from src/reducers/dependencyGraph.js
rename to dash-renderer/src/reducers/dependencyGraph.js
diff --git a/src/reducers/error.js b/dash-renderer/src/reducers/error.js
similarity index 100%
rename from src/reducers/error.js
rename to dash-renderer/src/reducers/error.js
diff --git a/src/reducers/history.js b/dash-renderer/src/reducers/history.js
similarity index 100%
rename from src/reducers/history.js
rename to dash-renderer/src/reducers/history.js
diff --git a/src/reducers/hooks.js b/dash-renderer/src/reducers/hooks.js
similarity index 100%
rename from src/reducers/hooks.js
rename to dash-renderer/src/reducers/hooks.js
diff --git a/src/reducers/layout.js b/dash-renderer/src/reducers/layout.js
similarity index 100%
rename from src/reducers/layout.js
rename to dash-renderer/src/reducers/layout.js
diff --git a/src/reducers/paths.js b/dash-renderer/src/reducers/paths.js
similarity index 100%
rename from src/reducers/paths.js
rename to dash-renderer/src/reducers/paths.js
diff --git a/src/reducers/reducer.js b/dash-renderer/src/reducers/reducer.js
similarity index 100%
rename from src/reducers/reducer.js
rename to dash-renderer/src/reducers/reducer.js
diff --git a/src/reducers/requestQueue.js b/dash-renderer/src/reducers/requestQueue.js
similarity index 100%
rename from src/reducers/requestQueue.js
rename to dash-renderer/src/reducers/requestQueue.js
diff --git a/src/reducers/utils.js b/dash-renderer/src/reducers/utils.js
similarity index 100%
rename from src/reducers/utils.js
rename to dash-renderer/src/reducers/utils.js
diff --git a/src/registry.js b/dash-renderer/src/registry.js
similarity index 100%
rename from src/registry.js
rename to dash-renderer/src/registry.js
diff --git a/src/store.js b/dash-renderer/src/store.js
similarity index 100%
rename from src/store.js
rename to dash-renderer/src/store.js
diff --git a/src/styles/styles.js b/dash-renderer/src/styles/styles.js
similarity index 100%
rename from src/styles/styles.js
rename to dash-renderer/src/styles/styles.js
diff --git a/src/utils.js b/dash-renderer/src/utils.js
similarity index 100%
rename from src/utils.js
rename to dash-renderer/src/utils.js
diff --git a/webpack.config.js b/dash-renderer/webpack.config.js
similarity index 100%
rename from webpack.config.js
rename to dash-renderer/webpack.config.js
diff --git a/webpack.serve.config.js b/dash-renderer/webpack.serve.config.js
similarity index 100%
rename from webpack.serve.config.js
rename to dash-renderer/webpack.serve.config.js
diff --git a/.pylintrc b/dash/.pylintrc
similarity index 100%
rename from .pylintrc
rename to dash/.pylintrc
diff --git a/.pylintrc37 b/dash/.pylintrc37
similarity index 100%
rename from .pylintrc37
rename to dash/.pylintrc37
diff --git a/simple.py b/simple.py
deleted file mode 100644
index 82c74364..00000000
--- a/simple.py
+++ /dev/null
@@ -1,23 +0,0 @@
-from dash import Dash
-import dash
-import dash_html_components as html
-import dash_core_components as dcc
-
-app = Dash(__name__)
-app.scripts.config.serve_locally=True
-app.layout = html.Div([
-    dcc.Input(id='my-input', value='initial-input'),
-    html.Div(id='my-output')
-])
-
-
-@app.callback(
-    dash.dependencies.Output('my-output', 'children'),
-    [dash.dependencies.Input('my-input', 'value')]
-)
-def update(value):
-    return 'Output: {}'.format(value)
-
-
-if __name__ == '__main__':
-    app.run_server(debug=True)
diff --git a/tests/IntegrationTests.py b/tests/integration/IntegrationTests_renderer.py
similarity index 100%
rename from tests/IntegrationTests.py
rename to tests/integration/IntegrationTests_renderer.py
diff --git a/tests/test_assets/hot_reload.css b/tests/integration/test_assets/hot_reload.css
similarity index 100%
rename from tests/test_assets/hot_reload.css
rename to tests/integration/test_assets/hot_reload.css
diff --git a/tests/test_assets/initial_state_dash_app_content.html b/tests/integration/test_assets/initial_state_dash_app_content.html
similarity index 100%
rename from tests/test_assets/initial_state_dash_app_content.html
rename to tests/integration/test_assets/initial_state_dash_app_content.html
diff --git a/tests/test_clientside/clientside.js b/tests/integration/test_clientside/clientside.js
similarity index 100%
rename from tests/test_clientside/clientside.js
rename to tests/integration/test_clientside/clientside.js
diff --git a/tests/test_clientside/ramda-0.25.0.min.js b/tests/integration/test_clientside/ramda-0.25.0.min.js
similarity index 100%
rename from tests/test_clientside/ramda-0.25.0.min.js
rename to tests/integration/test_clientside/ramda-0.25.0.min.js
diff --git a/tests/test_race_conditions.py b/tests/integration/test_race_conditions.py
similarity index 100%
rename from tests/test_race_conditions.py
rename to tests/integration/test_race_conditions.py
diff --git a/tests/test_render.py b/tests/integration/test_render.py
similarity index 100%
rename from tests/test_render.py
rename to tests/integration/test_render.py
